Target_ID	Target_Locus	Associated_Marker	Chr_Region	High_Conf_SNVs_Found	Mean_VAF	Mean_Depth	Heterozygous_SNVs	Homozygous_SNVs
T1	OCA2	rs1800407	chr15:27983281-27993166	142	0.371	160.9	128	14
T2	HERC2/OCA2	rs12913832	chr15:28112702-28130250	213	0.381	44.1	206	7
T3	SLC24A4	rs12896399	chr14:92303403-92323757	112	0.384	128.4	106	6
T4	SLC45A2	rs16891982	chr5:33944711-33959555	96	0.523	147.8	74	22
T5	TYR	rs1393350	chr11:89259000-89295942	55	0.381	292.5	50	5
T6	IRF4	rs12203592	chr6:392229-401463	11	0.537	14.5	10	1
T7	TPOX	TPOX	chr2:1480364-1494141	290	0.404	203.4	259	31
T8	PentaD	PentaD	chr21:43627563-43644088	279	0.345	153.7	276	3
T9	ACKR1/CADM3	rs2814778	chr1:159199781-159212236	62	0.357	276.9	58	4
T10	ADH1B	rs1229984	chr4:99314773-99323024	13	0.619	40.2	8	5
