SV_ID	Target_ID	Target_Name	Chr	Genomic_Pos	Target_Pos	SV_Type	SV_Length_bp	Supporting_Reads	Forward_Reads	Reverse_Reads	Est_VAF	Filter
nCATS_SV_0001	T2	HERC2/OCA2	chr15	28119440	6739	INS	66	14	4	10	0.5	PASS
nCATS_SV_0002	T2	HERC2/OCA2	chr15	28119096	6395	DEL	126	10	3	7	0.5	PASS
nCATS_SV_0003	T4	SLC45A2	chr5	33953047	8337	INS	311	4	0	4	0.4	StrandBias
nCATS_SV_0004	T6	IRF4	chr6	396778	4550	DEL	52	10	7	3	0.5	PASS
nCATS_SV_0005	T7	TPOX	chr2	1480805	442	INS	83	13	8	5	0.5	PASS
nCATS_SV_0006	T7	TPOX	chr2	1485627	5264	INS	137	3	0	3	0.3	StrandBias
nCATS_SV_0007	T7	TPOX	chr2	1489951	9588	INS	93	5	0	5	0.5	StrandBias
nCATS_SV_0008	T7	TPOX	chr2	1490283	9920	INS	91	14	6	8	0.5	PASS
nCATS_SV_0009	T8	PentaD	chr21	43629691	2129	INS	65	3	2	1	0.3	PASS
nCATS_SV_0010	T8	PentaD	chr21	43641470	13908	INS	76	3	2	1	0.3	PASS
nCATS_SV_0011	T8	PentaD	chr21	43641626	14064	INS	75	3	3	0	0.3	StrandBias
nCATS_SV_0012	T8	PentaD	chr21	43641725	14163	INS	122	3	3	0	0.3	StrandBias
nCATS_SV_0013	T8	PentaD	chr21	43642022	14460	INS	63	3	0	3	0.3	StrandBias
nCATS_SV_0014	T8	PentaD	chr21	43642808	15246	INS	71	3	0	3	0.3	StrandBias
nCATS_SV_0015	T8	PentaD	chr21	43642918	15356	INS	86	9	4	6	0.5	PASS
nCATS_SV_0016	T8	PentaD	chr21	43632054	4492	DEL	56	17	12	5	0.5	PASS
nCATS_SV_0017	T8	PentaD	chr21	43636926	9364	DEL	68	3	0	3	0.3	StrandBias
nCATS_SV_0018	T8	PentaD	chr21	43638042	10480	DEL	62	4	0	4	0.4	StrandBias
nCATS_SV_0019	T8	PentaD	chr21	43641357	13795	DEL	154	3	3	0	0.3	StrandBias
nCATS_SV_0020	T8	PentaD	chr21	43641934	14372	DEL	66	10	3	7	0.5	PASS
nCATS_SV_0021	T8	PentaD	chr21	43642150	14588	DEL	65	12	4	8	0.5	PASS
