Target_ID	Locus	Motif	Read_Name	Repeat_Count	Haplotype	Strand	MapQ	Read_Length
T7	TPOX	AATG	SRR12423814.1433	8	H1	+	60	13665
T7	TPOX	AATG	SRR12423814.2159	4	H1	+	60	10836
T7	TPOX	AATG	SRR12423814.8920	8	H1	+	60	13638
T7	TPOX	AATG	SRR12423814.11775	8	H1	+	60	13649
T7	TPOX	AATG	SRR12423814.13905	8	H1	+	60	13707
T7	TPOX	AATG	SRR12423814.18549	8	H1	-	60	13705
T7	TPOX	AATG	SRR12423814.15226	8	H1	+	60	11717
T7	TPOX	AATG	SRR12423814.7000	8	H1	+	60	13623
T7	TPOX	AATG	SRR12423814.17508	6	H1	+	60	13627
T7	TPOX	AATG	SRR12423814.20357	8	H1	+	60	13461
T7	TPOX	AATG	SRR12423814.6475	6	H1	-	60	13801
T7	TPOX	AATG	SRR12423814.10074	8	H1	+	60	10310
T7	TPOX	AATG	SRR12423814.6644	8	H1	+	60	13465
T7	TPOX	AATG	SRR12423814.10553	8	H1	+	60	15330
T7	TPOX	AATG	SRR12423814.16475	8	H1	-	60	13631
T7	TPOX	AATG	SRR12423814.12469	5	H1	-	60	13584
T7	TPOX	AATG	SRR12423814.12745	8	H1	-	60	10796
T7	TPOX	AATG	SRR12423814.9085	6	H1	-	60	9994
T7	TPOX	AATG	SRR12423814.6809	8	H1	-	60	8583
T8	PentaD	AAAGA	SRR12423814.11719	5	H2	+	60	9276
T8	PentaD	AAAGA	SRR12423814.1432	5	H2	+	60	16346
T8	PentaD	AAAGA	SRR12423814.2677	4	H2	+	60	9623
T8	PentaD	AAAGA	SRR12423814.4286	4	H2	+	60	16436
T8	PentaD	AAAGA	SRR12423814.12063	4	H2	+	60	16319
T8	PentaD	AAAGA	SRR12423814.2263	7	H2	-	60	16267
T8	PentaD	AAAGA	SRR12423814.7259	7	H2	-	60	16217
T8	PentaD	AAAGA	SRR12423814.13171	6	H2	-	60	15937
T8	PentaD	AAAGA	SRR12423814.22968	10	H2	-	60	16121
T8	PentaD	AAAGA	SRR12423814.15930	5	H2	-	60	15912
T8	PentaD	AAAGA	SRR12423814.1220	5	H2	-	60	15813
T8	PentaD	AAAGA	SRR12423814.21491	6	H2	-	60	15771
T8	PentaD	AAAGA	SRR12423814.21626	5	H2	-	60	15134
T8	PentaD	AAAGA	SRR12423814.20416	6	H2	-	60	13650
T8	PentaD	AAAGA	SRR12423814.18913	9	H2	-	60	12132
T8	PentaD	AAAGA	SRR12423814.820	11	H2	-	60	11367
T8	PentaD	AAAGA	SRR12423814.7798	5	H2	-	60	11319
T8	PentaD	AAAGA	SRR12423814.9244	6	H2	-	60	8284
T8	PentaD	AAAGA	SRR12423814.8584	4	H1	+	58	725
