Target_ID	Target_Name	Chr	Phase_Block_ID	Phased_SNVs_Count	Block_Start	Block_End	Block_Span_bp	Spanning_Reads
T1	OCA2	chr15	27984572	124	27984572	27993022	8451	1442
T1	OCA2	chr15	27984686	1	27984686	27984686	1	1442
T1	OCA2	chr15	27987646	1	27987646	27987646	1	1442
T1	OCA2	chr15	27987660	1	27987660	27987660	1	1442
T1	OCA2	chr15	27987706	1	27987706	27987706	1	1442
T2	HERC2/OCA2	chr15	28116222	200	28116222	28130065	13844	576
T2	HERC2/OCA2	chr15	28119314	1	28119314	28119314	1	576
T2	HERC2/OCA2	chr15	28119395	1	28119395	28119395	1	576
T2	HERC2/OCA2	chr15	28119484	1	28119484	28119484	1	576
T2	HERC2/OCA2	chr15	28119614	1	28119614	28119614	1	576
T2	HERC2/OCA2	chr15	28129923	1	28129923	28129923	1	576
T2	HERC2/OCA2	chr15	28130052	1	28130052	28130052	1	576
T3	SLC24A4	chr14	92305596	105	92305596	92319891	14296	819
T3	SLC24A4	chr14	92319669	1	92319669	92319669	1	819
T4	SLC45A2	chr5	33945653	74	33945653	33958805	13153	630
T5	TYR	chr11	89262066	47	89262066	89262354	289	920
T5	TYR	chr11	89262122	1	89262122	89262122	1	920
T5	TYR	chr11	89262215	1	89262215	89262215	1	920
T5	TYR	chr11	89262305	1	89262305	89262305	1	920
T6	IRF4	chr6	396146	10	396146	400654	4509	20
T7	TPOX	chr2	1484909	253	1484909	1492447	7539	2150
T7	TPOX	chr2	1485077	1	1485077	1485077	1	2150
T7	TPOX	chr2	1485241	1	1485241	1485241	1	2150
T7	TPOX	chr2	1485432	1	1485432	1485432	1	2150
T7	TPOX	chr2	1485506	1	1485506	1485506	1	2150
T7	TPOX	chr2	1486492	1	1486492	1486492	1	2150
T7	TPOX	chr2	1492215	1	1492215	1492215	1	2150
T8	PentaD	chr21	43628111	274	43628111	43643950	15840	2400
T8	PentaD	chr21	43636840	1	43636840	43636840	1	2400
T8	PentaD	chr21	43643740	1	43643740	43643740	1	2400
T9	ACKR1/CADM3	chr1	159199851	57	159199851	159210347	10497	1079
T9	ACKR1/CADM3	chr1	159209756	1	159209756	159209756	1	1079
T10	ADH1B	chr4	99316664	8	99316664	99322288	5625	61
