Target_ID	Target_Name	Chr	Genomic_Pos	Target_Pos	H1_Depth	H1_Methylation_Freq	H2_Depth	H2_Methylation_Freq	Delta_Methylation	ASM_Status
T1	OCA2	chr15	27984583	1303	47	0.9787	29	1.0	0.0213	Concordant
T1	OCA2	chr15	27984591	1311	44	0.8182	23	1.0	0.1818	Concordant
T1	OCA2	chr15	27984621	1341	47	0.4681	28	0.8214	0.3533	AlleleSpecific
T1	OCA2	chr15	27984646	1366	54	0.7037	31	0.7742	0.0705	Concordant
T1	OCA2	chr15	27984653	1373	56	0.4464	40	0.75	0.3036	AlleleSpecific
T1	OCA2	chr15	27984707	1427	44	1.0	30	1.0	0.0	Concordant
T1	OCA2	chr15	27984717	1437	50	0.52	27	0.7407	0.2207	Concordant
T1	OCA2	chr15	27984749	1469	43	0.7209	27	1.0	0.2791	AlleleSpecific
T1	OCA2	chr15	27985761	2481	43	0.2558	35	0.7143	0.4585	AlleleSpecific
T1	OCA2	chr15	27985780	2500	53	0.3962	35	0.6571	0.2609	AlleleSpecific
T1	OCA2	chr15	27985804	2524	33	0.3333	32	0.5938	0.2605	AlleleSpecific
T1	OCA2	chr15	27985817	2537	45	0.4667	45	0.7333	0.2666	AlleleSpecific
T1	OCA2	chr15	27985837	2557	44	0.75	35	0.9714	0.2214	Concordant
T1	OCA2	chr15	27985849	2569	52	0.7692	41	0.9268	0.1576	Concordant
T1	OCA2	chr15	27985926	2646	42	0.7857	29	0.8621	0.0764	Concordant
T1	OCA2	chr15	27985970	2690	39	0.7949	32	1.0	0.2051	Concordant
T1	OCA2	chr15	27985982	2702	29	0.6552	15	1.0	0.3448	AlleleSpecific
T1	OCA2	chr15	27987457	4177	557	0.86	225	0.8533	0.0067	Concordant
T1	OCA2	chr15	27987490	4210	535	0.6486	208	0.6538	0.0052	Concordant
T1	OCA2	chr15	27987494	4214	542	0.6199	234	0.6538	0.0339	Concordant
T1	OCA2	chr15	27987501	4221	554	0.6715	221	0.6878	0.0163	Concordant
T1	OCA2	chr15	27987515	4235	635	0.8787	245	0.8653	0.0134	Concordant
T1	OCA2	chr15	27987597	4317	552	0.9565	221	0.9457	0.0108	Concordant
T1	OCA2	chr15	27987601	4321	601	0.8952	233	0.8841	0.0111	Concordant
T1	OCA2	chr15	27987658	4378	483	0.5528	197	0.5939	0.0411	Concordant
T1	OCA2	chr15	27987685	4405	583	0.4837	242	0.5289	0.0452	Concordant
T1	OCA2	chr15	27987714	4434	461	0.8742	209	0.7799	0.0943	Concordant
T1	OCA2	chr15	27992123	8843	92	0.75	77	0.6494	0.1006	Concordant
T1	OCA2	chr15	27992136	8856	69	0.5942	70	0.6429	0.0487	Concordant
T1	OCA2	chr15	27992142	8862	83	0.7108	74	0.7162	0.0054	Concordant
T1	OCA2	chr15	27992166	8886	75	0.4267	70	0.3857	0.041	Concordant
T1	OCA2	chr15	27992289	9009	90	0.6556	92	0.7283	0.0727	Concordant
T1	OCA2	chr15	27992352	9072	95	0.3368	90	0.2778	0.059	Concordant
T1	OCA2	chr15	27992389	9109	62	0.8548	69	0.7971	0.0577	Concordant
T1	OCA2	chr15	27992391	9111	56	0.875	51	0.7843	0.0907	Concordant
T1	OCA2	chr15	27992870	9590	41	0.6098	18	0.3889	0.2209	Concordant
T1	OCA2	chr15	27992926	9646	42	0.9524	16	0.9375	0.0149	Concordant
T1	OCA2	chr15	27993016	9736	40	0.925	16	0.875	0.05	Concordant
T1	OCA2	chr15	27993110	9830	40	0.9	15	1.0	0.1	Concordant
T1	OCA2	chr15	27993118	9838	13	0.7692	13	0.8462	0.077	Concordant
T2	HERC2/OCA2	chr15	28116276	3575	60	0.8167	18	0.9444	0.1277	Concordant
T2	HERC2/OCA2	chr15	28116299	3598	99	0.5657	31	0.5484	0.0173	Concordant
T2	HERC2/OCA2	chr15	28116306	3605	96	0.4896	31	0.3548	0.1348	Concordant
T2	HERC2/OCA2	chr15	28116405	3704	79	0.8354	23	0.7391	0.0963	Concordant
T2	HERC2/OCA2	chr15	28116436	3735	84	0.9167	19	0.8947	0.022	Concordant
T2	HERC2/OCA2	chr15	28116496	3795	57	0.8596	17	0.9412	0.0816	Concordant
T2	HERC2/OCA2	chr15	28116506	3805	37	0.973	10	0.9	0.073	Concordant
T2	HERC2/OCA2	chr15	28116508	3807	33	1.0	8	1.0	0.0	Concordant
T2	HERC2/OCA2	chr15	28118995	6294	6	1.0	6	1.0	0.0	Concordant
T2	HERC2/OCA2	chr15	28119005	6304	17	0.8235	13	1.0	0.1765	Concordant
T2	HERC2/OCA2	chr15	28119129	6428	25	0.88	16	0.75	0.13	Concordant
T2	HERC2/OCA2	chr15	28119161	6460	55	0.6545	40	0.625	0.0295	Concordant
T2	HERC2/OCA2	chr15	28119166	6465	51	0.5686	38	0.4211	0.1475	Concordant
T2	HERC2/OCA2	chr15	28119272	6571	54	0.963	41	0.9268	0.0362	Concordant
T2	HERC2/OCA2	chr15	28119378	6677	53	0.9811	40	0.975	0.0061	Concordant
T2	HERC2/OCA2	chr15	28119455	6754	28	0.8214	13	0.8462	0.0248	Concordant
T2	HERC2/OCA2	chr15	28119492	6791	34	0.9706	27	0.8889	0.0817	Concordant
T2	HERC2/OCA2	chr15	28119508	6807	27	0.963	20	1.0	0.037	Concordant
T2	HERC2/OCA2	chr15	28119522	6821	34	0.5	27	0.7778	0.2778	AlleleSpecific
T2	HERC2/OCA2	chr15	28119546	6845	51	0.6863	37	0.4865	0.1998	Concordant
T2	HERC2/OCA2	chr15	28119655	6954	41	0.7317	31	0.7419	0.0102	Concordant
T2	HERC2/OCA2	chr15	28119702	7001	45	0.7778	33	0.5152	0.2626	AlleleSpecific
T2	HERC2/OCA2	chr15	28124792	12091	16	0.5625	8	0.75	0.1875	Concordant
T2	HERC2/OCA2	chr15	28125849	13148	8	1.0	3	1.0	0.0	Concordant
T2	HERC2/OCA2	chr15	28125888	13187	10	0.5	3	0.3333	0.1667	Concordant
T2	HERC2/OCA2	chr15	28125897	13196	11	0.2727	3	0.6667	0.394	AlleleSpecific
T2	HERC2/OCA2	chr15	28125958	13257	7	1.0	3	1.0	0.0	Concordant
T2	HERC2/OCA2	chr15	28126031	13330	7	1.0	3	1.0	0.0	Concordant
T2	HERC2/OCA2	chr15	28129839	17138	76	0.8553	93	0.8602	0.0049	Concordant
T2	HERC2/OCA2	chr15	28129869	17168	107	0.3271	112	0.4196	0.0925	Concordant
T2	HERC2/OCA2	chr15	28129920	17219	83	0.7108	89	0.7303	0.0195	Concordant
T2	HERC2/OCA2	chr15	28129922	17221	86	0.8256	92	0.8152	0.0104	Concordant
T2	HERC2/OCA2	chr15	28129924	17223	87	0.8851	96	0.8646	0.0205	Concordant
T2	HERC2/OCA2	chr15	28129974	17273	90	0.8778	101	0.901	0.0232	Concordant
T2	HERC2/OCA2	chr15	28129994	17293	80	0.875	82	0.7317	0.1433	Concordant
T2	HERC2/OCA2	chr15	28130008	17307	75	0.56	87	0.4023	0.1577	Concordant
T2	HERC2/OCA2	chr15	28130015	17314	91	0.6154	92	0.4348	0.1806	Concordant
T3	SLC24A4	chr14	92305594	2192	10	0.4	11	0.4545	0.0545	Concordant
T3	SLC24A4	chr14	92305730	2328	7	0.4286	9	0.6667	0.2381	Concordant
T3	SLC24A4	chr14	92305793	2391	9	0.5556	7	0.2857	0.2699	AlleleSpecific
T3	SLC24A4	chr14	92315886	12484	103	0.8155	77	0.7662	0.0493	Concordant
T3	SLC24A4	chr14	92315892	12490	119	0.8067	83	0.8916	0.0849	Concordant
T3	SLC24A4	chr14	92315946	12544	238	0.584	162	0.5864	0.0024	Concordant
T3	SLC24A4	chr14	92315991	12589	224	0.8482	168	0.8869	0.0387	Concordant
T3	SLC24A4	chr14	92316022	12620	234	0.8889	154	0.8831	0.0058	Concordant
T3	SLC24A4	chr14	92316036	12634	197	0.7817	145	0.8207	0.039	Concordant
T3	SLC24A4	chr14	92316038	12636	234	0.7308	147	0.7279	0.0029	Concordant
T3	SLC24A4	chr14	92316080	12678	237	0.4684	156	0.5256	0.0572	Concordant
T3	SLC24A4	chr14	92316090	12688	259	0.5135	173	0.526	0.0125	Concordant
T3	SLC24A4	chr14	92316114	12712	238	0.5756	159	0.5157	0.0599	Concordant
T3	SLC24A4	chr14	92316160	12758	198	0.8131	139	0.8273	0.0142	Concordant
T3	SLC24A4	chr14	92316200	12798	12	0.75	5	0.8	0.05	Concordant
T3	SLC24A4	chr14	92319614	16212	62	0.6129	36	0.6111	0.0018	Concordant
T3	SLC24A4	chr14	92319652	16250	132	0.5758	66	0.4848	0.091	Concordant
T3	SLC24A4	chr14	92319684	16282	122	0.9344	69	0.942	0.0076	Concordant
T3	SLC24A4	chr14	92319810	16408	129	0.6434	65	0.6462	0.0028	Concordant
T3	SLC24A4	chr14	92319864	16462	124	0.9032	62	0.8548	0.0484	Concordant
T4	SLC45A2	chr5	33950081	5371	3	0.3333	13	0.9231	0.5898	AlleleSpecific
T4	SLC45A2	chr5	33952782	8072	126	0.8254	78	0.7436	0.0818	Concordant
T4	SLC45A2	chr5	33952849	8139	110	0.4273	75	0.4133	0.014	Concordant
T4	SLC45A2	chr5	33952939	8229	105	0.6857	60	0.6333	0.0524	Concordant
T4	SLC45A2	chr5	33952962	8252	117	0.7436	77	0.7792	0.0356	Concordant
T4	SLC45A2	chr5	33953142	8432	98	0.6939	70	0.6429	0.051	Concordant
T4	SLC45A2	chr5	33953155	8445	92	0.5543	82	0.7927	0.2384	Concordant
T4	SLC45A2	chr5	33953560	8850	73	0.726	67	0.6716	0.0544	Concordant
T4	SLC45A2	chr5	33953583	8873	71	0.7042	76	0.6711	0.0331	Concordant
T4	SLC45A2	chr5	33953593	8883	78	0.7051	72	0.75	0.0449	Concordant
T4	SLC45A2	chr5	33953626	8916	81	0.7901	85	0.7059	0.0842	Concordant
T4	SLC45A2	chr5	33953821	9111	82	0.6951	67	0.6418	0.0533	Concordant
T4	SLC45A2	chr5	33956390	11680	3	1.0	13	0.6154	0.3846	AlleleSpecific
T5	TYR	chr11	89262116	3117	167	0.8084	380	0.9842	0.1758	Concordant
T5	TYR	chr11	89262175	3176	218	0.4174	563	0.6927	0.2753	AlleleSpecific
T5	TYR	chr11	89264543	5544	3	0.6667	17	0.7647	0.098	Concordant
T5	TYR	chr11	89264717	5718	6	1.0	16	0.5625	0.4375	AlleleSpecific
T6	IRF4	chr6	392246	18	4	0.0	7	0.2857	0.2857	AlleleSpecific
T6	IRF4	chr6	392249	21	3	0.3333	5	0.2	0.1333	Concordant
T6	IRF4	chr6	392256	28	4	0.5	8	0.5	0.0	Concordant
T6	IRF4	chr6	392259	31	3	0.3333	5	0.2	0.1333	Concordant
T6	IRF4	chr6	392272	44	3	0.6667	7	0.1429	0.5238	AlleleSpecific
T6	IRF4	chr6	392309	81	5	0.6	8	0.0	0.6	AlleleSpecific
T6	IRF4	chr6	392314	86	4	0.25	8	0.125	0.125	Concordant
T6	IRF4	chr6	392323	95	3	0.0	7	0.1429	0.1429	Concordant
T6	IRF4	chr6	392327	99	3	0.0	5	0.0	0.0	Concordant
T6	IRF4	chr6	392339	111	5	0.2	11	0.1818	0.0182	Concordant
T6	IRF4	chr6	392347	119	5	0.6	8	0.125	0.475	AlleleSpecific
T6	IRF4	chr6	392349	121	5	0.4	4	0.25	0.15	Concordant
T6	IRF4	chr6	392370	142	3	1.0	9	0.1111	0.8889	AlleleSpecific
T6	IRF4	chr6	392379	151	5	0.8	10	0.5	0.3	AlleleSpecific
T6	IRF4	chr6	392382	154	4	0.0	11	0.2727	0.2727	AlleleSpecific
T6	IRF4	chr6	392392	164	3	0.3333	6	0.3333	0.0	Concordant
T6	IRF4	chr6	392394	166	4	0.0	8	0.25	0.25	AlleleSpecific
T6	IRF4	chr6	392403	175	3	0.6667	7	0.4286	0.2381	Concordant
T6	IRF4	chr6	392409	181	3	0.3333	9	0.2222	0.1111	Concordant
T6	IRF4	chr6	392417	189	5	0.4	10	0.5	0.1	Concordant
T6	IRF4	chr6	392428	200	3	0.3333	8	0.375	0.0417	Concordant
T6	IRF4	chr6	392435	207	5	0.8	9	0.1111	0.6889	AlleleSpecific
T6	IRF4	chr6	392438	210	4	0.25	6	0.1667	0.0833	Concordant
T6	IRF4	chr6	392442	214	4	0.25	9	0.3333	0.0833	Concordant
T6	IRF4	chr6	392451	223	4	0.75	5	0.4	0.35	AlleleSpecific
T6	IRF4	chr6	392463	235	3	0.6667	5	0.4	0.2667	AlleleSpecific
T6	IRF4	chr6	392483	255	4	0.0	5	0.2	0.2	Concordant
T6	IRF4	chr6	392485	257	3	0.0	5	0.2	0.2	Concordant
T6	IRF4	chr6	392501	273	5	0.6	9	0.1111	0.4889	AlleleSpecific
T6	IRF4	chr6	392525	297	3	0.6667	6	0.6667	0.0	Concordant
T6	IRF4	chr6	392555	327	3	0.0	8	0.5	0.5	AlleleSpecific
T6	IRF4	chr6	392560	332	5	0.4	6	0.3333	0.0667	Concordant
T6	IRF4	chr6	392605	377	4	0.5	7	0.2857	0.2143	Concordant
T6	IRF4	chr6	392613	385	3	0.6667	5	0.4	0.2667	AlleleSpecific
T6	IRF4	chr6	392624	396	3	0.0	6	0.3333	0.3333	AlleleSpecific
T6	IRF4	chr6	392628	400	4	0.25	6	0.0	0.25	AlleleSpecific
T6	IRF4	chr6	392632	404	4	0.5	6	0.3333	0.1667	Concordant
T6	IRF4	chr6	392638	410	4	0.5	9	0.1111	0.3889	AlleleSpecific
T6	IRF4	chr6	392648	420	4	0.75	9	0.3333	0.4167	AlleleSpecific
T6	IRF4	chr6	392661	433	3	0.3333	11	0.4545	0.1212	Concordant
T6	IRF4	chr6	392688	460	5	0.4	8	0.375	0.025	Concordant
T6	IRF4	chr6	392701	473	4	0.75	9	0.4444	0.3056	AlleleSpecific
T6	IRF4	chr6	392723	495	4	0.5	8	0.125	0.375	AlleleSpecific
T6	IRF4	chr6	392742	514	4	0.25	8	0.375	0.125	Concordant
T6	IRF4	chr6	392752	524	4	0.25	5	0.4	0.15	Concordant
T6	IRF4	chr6	392776	548	4	0.5	8	0.5	0.0	Concordant
T6	IRF4	chr6	392804	576	3	0.3333	8	0.625	0.2917	AlleleSpecific
T6	IRF4	chr6	392808	580	4	0.25	8	0.5	0.25	AlleleSpecific
T6	IRF4	chr6	392811	583	5	0.4	10	0.2	0.2	Concordant
T6	IRF4	chr6	392813	585	6	0.0	7	0.5714	0.5714	AlleleSpecific
T6	IRF4	chr6	392818	590	4	0.5	10	0.2	0.3	AlleleSpecific
T6	IRF4	chr6	392841	613	5	0.2	7	0.0	0.2	Concordant
T6	IRF4	chr6	392872	644	4	0.25	8	0.375	0.125	Concordant
T6	IRF4	chr6	392874	646	4	0.5	6	0.3333	0.1667	Concordant
T6	IRF4	chr6	392881	653	3	0.3333	10	0.4	0.0667	Concordant
T6	IRF4	chr6	392887	659	4	0.0	8	0.5	0.5	AlleleSpecific
T6	IRF4	chr6	392894	666	4	0.75	7	0.7143	0.0357	Concordant
T6	IRF4	chr6	392898	670	4	0.5	5	0.6	0.1	Concordant
T6	IRF4	chr6	392908	680	4	0.5	7	0.7143	0.2143	Concordant
T6	IRF4	chr6	392921	693	6	0.0	5	0.2	0.2	Concordant
T6	IRF4	chr6	392925	697	3	0.3333	7	0.4286	0.0953	Concordant
T6	IRF4	chr6	392930	702	4	0.25	10	0.5	0.25	AlleleSpecific
T6	IRF4	chr6	392934	706	5	0.0	6	0.6667	0.6667	AlleleSpecific
T6	IRF4	chr6	392936	708	4	0.25	6	0.0	0.25	AlleleSpecific
T6	IRF4	chr6	392952	724	6	0.5	10	0.3	0.2	Concordant
T6	IRF4	chr6	392960	732	3	0.6667	5	0.2	0.4667	AlleleSpecific
T6	IRF4	chr6	392964	736	3	0.3333	7	0.2857	0.0476	Concordant
T6	IRF4	chr6	392975	747	4	0.25	8	0.125	0.125	Concordant
T6	IRF4	chr6	392982	754	3	0.0	5	0.6	0.6	AlleleSpecific
T6	IRF4	chr6	393008	780	5	0.2	11	0.2727	0.0727	Concordant
T6	IRF4	chr6	393016	788	6	0.1667	10	0.3	0.1333	Concordant
T6	IRF4	chr6	393028	800	5	0.2	8	0.5	0.3	AlleleSpecific
T6	IRF4	chr6	393038	810	5	0.2	11	0.2727	0.0727	Concordant
T6	IRF4	chr6	393043	815	5	0.4	8	0.375	0.025	Concordant
T6	IRF4	chr6	393052	824	4	0.75	5	0.6	0.15	Concordant
T6	IRF4	chr6	393059	831	4	0.25	6	0.8333	0.5833	AlleleSpecific
T6	IRF4	chr6	393067	839	6	0.1667	10	0.3	0.1333	Concordant
T6	IRF4	chr6	393093	865	6	0.3333	6	0.3333	0.0	Concordant
T6	IRF4	chr6	393110	882	4	0.5	5	0.6	0.1	Concordant
T6	IRF4	chr6	393114	886	3	0.6667	8	0.5	0.1667	Concordant
T6	IRF4	chr6	393124	896	4	0.25	5	0.4	0.15	Concordant
T6	IRF4	chr6	393128	900	3	0.3333	9	0.2222	0.1111	Concordant
T6	IRF4	chr6	393130	902	4	0.5	8	0.5	0.0	Concordant
T6	IRF4	chr6	393134	906	6	0.1667	10	0.5	0.3333	AlleleSpecific
T6	IRF4	chr6	393136	908	6	0.1667	9	0.0	0.1667	Concordant
T6	IRF4	chr6	393140	912	4	0.5	7	0.5714	0.0714	Concordant
T6	IRF4	chr6	393145	917	4	0.0	4	0.25	0.25	AlleleSpecific
T6	IRF4	chr6	393147	919	4	0.25	3	0.3333	0.0833	Concordant
T6	IRF4	chr6	393167	939	5	0.2	9	0.2222	0.0222	Concordant
T6	IRF4	chr6	393170	942	6	0.3333	10	0.3	0.0333	Concordant
T6	IRF4	chr6	393174	946	5	0.6	10	0.4	0.2	Concordant
T6	IRF4	chr6	393179	951	5	0.2	8	0.25	0.05	Concordant
T6	IRF4	chr6	393188	960	5	0.2	10	0.1	0.1	Concordant
T6	IRF4	chr6	393197	969	6	0.3333	7	0.2857	0.0476	Concordant
T6	IRF4	chr6	393199	971	5	0.2	9	0.5556	0.3556	AlleleSpecific
T6	IRF4	chr6	393209	981	3	0.0	6	0.5	0.5	AlleleSpecific
T6	IRF4	chr6	393225	997	5	0.2	9	0.4444	0.2444	Concordant
T6	IRF4	chr6	393239	1011	6	0.1667	11	0.3636	0.1969	Concordant
T6	IRF4	chr6	393248	1020	5	1.0	10	0.6	0.4	AlleleSpecific
T6	IRF4	chr6	393266	1038	3	0.3333	9	0.6667	0.3334	AlleleSpecific
T6	IRF4	chr6	393284	1056	3	0.0	9	0.7778	0.7778	AlleleSpecific
T6	IRF4	chr6	393303	1075	5	0.6	8	0.875	0.275	AlleleSpecific
T6	IRF4	chr6	393320	1092	3	0.6667	6	0.3333	0.3334	AlleleSpecific
T6	IRF4	chr6	393322	1094	5	0.4	9	0.3333	0.0667	Concordant
T6	IRF4	chr6	393342	1114	4	0.25	7	0.5714	0.3214	AlleleSpecific
T6	IRF4	chr6	393344	1116	4	1.0	8	0.5	0.5	AlleleSpecific
T6	IRF4	chr6	393353	1125	4	0.25	6	0.6667	0.4167	AlleleSpecific
T6	IRF4	chr6	393356	1128	3	0.0	7	0.4286	0.4286	AlleleSpecific
T6	IRF4	chr6	393358	1130	5	0.8	8	0.25	0.55	AlleleSpecific
T6	IRF4	chr6	393374	1146	5	0.4	10	0.6	0.2	Concordant
T6	IRF4	chr6	393380	1152	5	0.4	8	0.375	0.025	Concordant
T6	IRF4	chr6	393387	1159	6	0.1667	7	0.2857	0.119	Concordant
T6	IRF4	chr6	393390	1162	5	0.4	6	0.8333	0.4333	AlleleSpecific
T6	IRF4	chr6	393396	1168	4	0.25	8	0.25	0.0	Concordant
T6	IRF4	chr6	393401	1173	4	0.25	8	0.75	0.5	AlleleSpecific
T6	IRF4	chr6	393425	1197	3	0.3333	6	0.3333	0.0	Concordant
T6	IRF4	chr6	393434	1206	4	0.0	7	0.2857	0.2857	AlleleSpecific
T6	IRF4	chr6	393440	1212	5	0.0	9	0.4444	0.4444	AlleleSpecific
T6	IRF4	chr6	393446	1218	6	0.3333	10	0.4	0.0667	Concordant
T6	IRF4	chr6	393451	1223	3	0.0	8	0.125	0.125	Concordant
T6	IRF4	chr6	393465	1237	4	0.75	9	0.2222	0.5278	AlleleSpecific
T6	IRF4	chr6	393467	1239	6	0.3333	8	0.375	0.0417	Concordant
T6	IRF4	chr6	393469	1241	6	0.1667	6	0.5	0.3333	AlleleSpecific
T6	IRF4	chr6	393474	1246	4	0.25	8	0.375	0.125	Concordant
T6	IRF4	chr6	393478	1250	5	0.4	6	0.5	0.1	Concordant
T6	IRF4	chr6	393482	1254	6	0.0	7	0.1429	0.1429	Concordant
T6	IRF4	chr6	393486	1258	5	0.4	10	0.3	0.1	Concordant
T6	IRF4	chr6	393489	1261	5	0.4	7	0.2857	0.1143	Concordant
T6	IRF4	chr6	393505	1277	6	0.3333	8	0.125	0.2083	Concordant
T6	IRF4	chr6	393508	1280	6	0.3333	11	0.1818	0.1515	Concordant
T6	IRF4	chr6	393511	1283	4	0.25	11	0.5455	0.2955	AlleleSpecific
T6	IRF4	chr6	393517	1289	5	0.4	10	0.6	0.2	Concordant
T6	IRF4	chr6	393540	1312	5	0.2	9	0.2222	0.0222	Concordant
T6	IRF4	chr6	393550	1322	3	0.0	7	0.1429	0.1429	Concordant
T6	IRF4	chr6	393556	1328	5	0.6	9	0.3333	0.2667	AlleleSpecific
T6	IRF4	chr6	393558	1330	4	0.25	7	0.2857	0.0357	Concordant
T6	IRF4	chr6	393565	1337	4	0.75	9	0.4444	0.3056	AlleleSpecific
T6	IRF4	chr6	393572	1344	5	0.4	7	0.2857	0.1143	Concordant
T6	IRF4	chr6	393583	1355	5	0.6	8	0.25	0.35	AlleleSpecific
T6	IRF4	chr6	393585	1357	4	0.5	8	0.125	0.375	AlleleSpecific
T6	IRF4	chr6	393605	1377	4	0.0	8	0.5	0.5	AlleleSpecific
T6	IRF4	chr6	393616	1388	5	0.0	7	0.0	0.0	Concordant
T6	IRF4	chr6	393620	1392	6	0.1667	8	0.0	0.1667	Concordant
T6	IRF4	chr6	393626	1398	3	1.0	4	0.0	1.0	AlleleSpecific
T6	IRF4	chr6	393636	1408	3	0.6667	7	0.0	0.6667	AlleleSpecific
T6	IRF4	chr6	393660	1432	4	0.5	8	0.125	0.375	AlleleSpecific
T6	IRF4	chr6	393662	1434	4	0.25	9	0.1111	0.1389	Concordant
T6	IRF4	chr6	393666	1438	6	0.1667	11	0.0909	0.0758	Concordant
T6	IRF4	chr6	393670	1442	6	0.3333	11	0.3636	0.0303	Concordant
T6	IRF4	chr6	393674	1446	5	0.4	7	0.4286	0.0286	Concordant
T6	IRF4	chr6	393680	1452	6	0.0	9	0.1111	0.1111	Concordant
T6	IRF4	chr6	393688	1460	4	0.0	5	0.2	0.2	Concordant
T6	IRF4	chr6	393699	1471	5	0.0	8	0.375	0.375	AlleleSpecific
T6	IRF4	chr6	393710	1482	5	0.4	10	0.2	0.2	Concordant
T6	IRF4	chr6	393718	1490	5	0.2	7	0.2857	0.0857	Concordant
T6	IRF4	chr6	393725	1497	3	0.0	11	0.3636	0.3636	AlleleSpecific
T6	IRF4	chr6	393731	1503	5	0.2	8	0.375	0.175	Concordant
T6	IRF4	chr6	393735	1507	5	0.0	7	0.4286	0.4286	AlleleSpecific
T6	IRF4	chr6	393748	1520	5	0.4	6	0.1667	0.2333	Concordant
T6	IRF4	chr6	393757	1529	5	0.2	9	0.0	0.2	Concordant
T6	IRF4	chr6	393761	1533	4	0.25	7	0.5714	0.3214	AlleleSpecific
T6	IRF4	chr6	393765	1537	4	0.0	8	0.0	0.0	Concordant
T6	IRF4	chr6	393767	1539	3	0.0	6	0.3333	0.3333	AlleleSpecific
T6	IRF4	chr6	393776	1548	5	0.2	10	0.0	0.2	Concordant
T6	IRF4	chr6	393779	1551	4	0.75	8	0.875	0.125	Concordant
T6	IRF4	chr6	393789	1561	4	0.5	8	0.375	0.125	Concordant
T6	IRF4	chr6	393799	1571	4	0.5	8	0.625	0.125	Concordant
T6	IRF4	chr6	393801	1573	3	0.3333	7	0.2857	0.0476	Concordant
T6	IRF4	chr6	393819	1591	5	1.0	9	0.8889	0.1111	Concordant
T6	IRF4	chr6	393880	1652	6	0.8333	10	1.0	0.1667	Concordant
T6	IRF4	chr6	393899	1671	4	0.5	4	1.0	0.5	AlleleSpecific
T6	IRF4	chr6	393957	1729	5	0.6	9	0.5556	0.0444	Concordant
T6	IRF4	chr6	394006	1778	3	0.3333	7	0.4286	0.0953	Concordant
T6	IRF4	chr6	394008	1780	3	0.3333	7	0.2857	0.0476	Concordant
T6	IRF4	chr6	394020	1792	3	0.6667	8	0.625	0.0417	Concordant
T6	IRF4	chr6	394027	1799	5	0.8	7	0.5714	0.2286	Concordant
T6	IRF4	chr6	394035	1807	3	0.6667	4	0.25	0.4167	AlleleSpecific
T6	IRF4	chr6	394073	1845	5	0.4	7	0.1429	0.2571	AlleleSpecific
T6	IRF4	chr6	394127	1899	5	0.2	10	0.4	0.2	Concordant
T6	IRF4	chr6	394277	2049	3	0.3333	9	0.7778	0.4445	AlleleSpecific
T6	IRF4	chr6	394292	2064	6	0.5	8	0.75	0.25	AlleleSpecific
T6	IRF4	chr6	394391	2163	4	1.0	6	0.8333	0.1667	Concordant
T6	IRF4	chr6	394632	2404	4	0.75	10	1.0	0.25	AlleleSpecific
T6	IRF4	chr6	394687	2459	3	0.3333	4	0.75	0.4167	AlleleSpecific
T6	IRF4	chr6	394709	2481	5	0.8	7	0.5714	0.2286	Concordant
T6	IRF4	chr6	394796	2568	4	0.75	8	0.5	0.25	AlleleSpecific
T6	IRF4	chr6	394848	2620	5	0.6	5	0.6	0.0	Concordant
T6	IRF4	chr6	394859	2631	5	0.2	9	0.5556	0.3556	AlleleSpecific
T6	IRF4	chr6	394901	2673	4	0.25	5	0.2	0.05	Concordant
T6	IRF4	chr6	394966	2738	4	0.75	8	0.875	0.125	Concordant
T6	IRF4	chr6	395576	3348	3	0.6667	7	1.0	0.3333	AlleleSpecific
T6	IRF4	chr6	395734	3506	6	1.0	10	0.9	0.1	Concordant
T6	IRF4	chr6	395813	3585	5	0.8	6	0.8333	0.0333	Concordant
T6	IRF4	chr6	395910	3682	4	0.75	6	0.6667	0.0833	Concordant
T6	IRF4	chr6	395922	3694	3	0.6667	4	1.0	0.3333	AlleleSpecific
T6	IRF4	chr6	396082	3854	3	1.0	6	1.0	0.0	Concordant
T6	IRF4	chr6	396102	3874	4	1.0	7	1.0	0.0	Concordant
T6	IRF4	chr6	396141	3913	5	1.0	8	1.0	0.0	Concordant
T6	IRF4	chr6	396145	3917	3	0.6667	7	1.0	0.3333	AlleleSpecific
T6	IRF4	chr6	396151	3923	5	0.8	9	1.0	0.2	Concordant
T6	IRF4	chr6	396539	4311	4	1.0	8	0.875	0.125	Concordant
T6	IRF4	chr6	396591	4363	4	1.0	8	1.0	0.0	Concordant
T6	IRF4	chr6	396596	4368	7	0.7143	7	0.7143	0.0	Concordant
T6	IRF4	chr6	396643	4415	5	1.0	9	0.7778	0.2222	Concordant
T6	IRF4	chr6	396648	4420	7	0.7143	9	0.4444	0.2699	AlleleSpecific
T6	IRF4	chr6	396695	4467	3	0.6667	9	0.3333	0.3334	AlleleSpecific
T6	IRF4	chr6	396700	4472	7	0.2857	9	0.5556	0.2699	AlleleSpecific
T6	IRF4	chr6	396747	4519	4	1.0	5	1.0	0.0	Concordant
T6	IRF4	chr6	396799	4571	4	1.0	3	1.0	0.0	Concordant
T6	IRF4	chr6	396851	4623	4	0.75	7	0.8571	0.1071	Concordant
T6	IRF4	chr6	396903	4675	5	0.8	9	1.0	0.2	Concordant
T6	IRF4	chr6	396955	4727	6	0.8333	9	1.0	0.1667	Concordant
T6	IRF4	chr6	396960	4732	5	0.4	9	0.6667	0.2667	AlleleSpecific
T6	IRF4	chr6	397007	4779	4	0.25	10	0.6	0.35	AlleleSpecific
T6	IRF4	chr6	397012	4784	5	0.6	8	0.75	0.15	Concordant
T6	IRF4	chr6	397059	4831	6	1.0	7	0.8571	0.1429	Concordant
T6	IRF4	chr6	397137	4909	7	0.2857	9	0.3333	0.0476	Concordant
T6	IRF4	chr6	397158	4930	5	0.4	8	0.375	0.025	Concordant
T6	IRF4	chr6	397163	4935	6	0.0	6	0.8333	0.8333	AlleleSpecific
T6	IRF4	chr6	397178	4950	3	0.0	5	0.6	0.6	AlleleSpecific
T6	IRF4	chr6	397187	4959	4	0.5	8	0.875	0.375	AlleleSpecific
T6	IRF4	chr6	397205	4977	5	0.2	12	0.3333	0.1333	Concordant
T6	IRF4	chr6	397315	5087	3	0.3333	5	0.4	0.0667	Concordant
T6	IRF4	chr6	397370	5142	3	0.6667	6	0.3333	0.3334	AlleleSpecific
T6	IRF4	chr6	397469	5241	3	0.6667	5	1.0	0.3333	AlleleSpecific
T6	IRF4	chr6	397611	5383	5	0.6	7	0.7143	0.1143	Concordant
T6	IRF4	chr6	397671	5443	3	1.0	5	0.8	0.2	Concordant
T6	IRF4	chr6	397700	5472	6	0.6667	9	0.7778	0.1111	Concordant
T6	IRF4	chr6	397777	5549	6	0.1667	8	0.625	0.4583	AlleleSpecific
T6	IRF4	chr6	398184	5956	4	0.75	3	0.6667	0.0833	Concordant
T6	IRF4	chr6	398285	6057	5	1.0	9	0.7778	0.2222	Concordant
T6	IRF4	chr6	398505	6277	5	0.8	8	0.875	0.075	Concordant
T6	IRF4	chr6	398580	6352	5	0.6	5	1.0	0.4	AlleleSpecific
T6	IRF4	chr6	398615	6387	3	1.0	7	1.0	0.0	Concordant
T6	IRF4	chr6	398724	6496	4	0.25	3	0.3333	0.0833	Concordant
T6	IRF4	chr6	398772	6544	4	0.25	5	0.6	0.35	AlleleSpecific
T6	IRF4	chr6	398782	6554	4	1.0	4	0.75	0.25	AlleleSpecific
T6	IRF4	chr6	398883	6655	5	0.2	4	0.75	0.55	AlleleSpecific
T6	IRF4	chr6	398927	6699	4	0.5	5	0.8	0.3	AlleleSpecific
T6	IRF4	chr6	399013	6785	3	0.6667	5	1.0	0.3333	AlleleSpecific
T6	IRF4	chr6	399149	6921	6	1.0	8	0.875	0.125	Concordant
T6	IRF4	chr6	399235	7007	5	1.0	5	1.0	0.0	Concordant
T6	IRF4	chr6	399264	7036	4	1.0	5	0.8	0.2	Concordant
T6	IRF4	chr6	399580	7352	4	1.0	7	1.0	0.0	Concordant
T6	IRF4	chr6	399752	7524	3	0.6667	5	0.6	0.0667	Concordant
T6	IRF4	chr6	399853	7625	4	0.75	8	0.875	0.125	Concordant
T6	IRF4	chr6	400001	7773	6	0.8333	9	0.6667	0.1666	Concordant
T6	IRF4	chr6	400010	7782	4	0.75	8	0.75	0.0	Concordant
T6	IRF4	chr6	400049	7821	4	0.75	4	0.75	0.0	Concordant
T6	IRF4	chr6	400061	7833	3	0.6667	9	0.6667	0.0	Concordant
T6	IRF4	chr6	400090	7862	4	0.75	9	0.6667	0.0833	Concordant
T6	IRF4	chr6	400104	7876	4	1.0	6	1.0	0.0	Concordant
T6	IRF4	chr6	400420	8192	4	1.0	10	0.9	0.1	Concordant
T6	IRF4	chr6	400460	8232	3	0.6667	5	0.6	0.0667	Concordant
T6	IRF4	chr6	400859	8631	3	1.0	8	0.75	0.25	AlleleSpecific
T6	IRF4	chr6	400877	8649	3	0.3333	6	0.6667	0.3334	AlleleSpecific
T6	IRF4	chr6	400900	8672	4	1.0	5	0.8	0.2	Concordant
T6	IRF4	chr6	401153	8925	3	0.6667	4	0.5	0.1667	Concordant
T6	IRF4	chr6	401199	8971	4	0.5	6	0.6667	0.1667	Concordant
T6	IRF4	chr6	401221	8993	3	1.0	8	0.75	0.25	AlleleSpecific
T6	IRF4	chr6	401288	9060	3	0.0	3	0.3333	0.3333	AlleleSpecific
T6	IRF4	chr6	401311	9083	3	0.6667	7	0.5714	0.0953	Concordant
T6	IRF4	chr6	401372	9144	4	0.25	8	0.625	0.375	AlleleSpecific
T6	IRF4	chr6	401405	9177	5	0.2	8	0.625	0.425	AlleleSpecific
T6	IRF4	chr6	401429	9201	5	0.6	6	0.5	0.1	Concordant
T7	TPOX	chr2	1480605	242	10	0.7	3	0.6667	0.0333	Concordant
T7	TPOX	chr2	1482721	2358	7	0.8571	3	0.6667	0.1904	Concordant
T7	TPOX	chr2	1482729	2366	10	0.6	4	0.5	0.1	Concordant
T7	TPOX	chr2	1484954	4591	250	0.884	47	0.8936	0.0096	Concordant
T7	TPOX	chr2	1484969	4606	190	0.8421	35	0.7429	0.0992	Concordant
T7	TPOX	chr2	1485014	4651	250	0.876	49	0.9592	0.0832	Concordant
T7	TPOX	chr2	1485071	4708	242	0.7562	43	0.8605	0.1043	Concordant
T7	TPOX	chr2	1485078	4715	289	0.8408	53	0.7925	0.0483	Concordant
T7	TPOX	chr2	1485095	4732	261	0.5517	50	0.5	0.0517	Concordant
T7	TPOX	chr2	1485150	4787	239	0.7824	53	0.7358	0.0466	Concordant
T7	TPOX	chr2	1485173	4810	272	0.7757	54	0.8519	0.0762	Concordant
T7	TPOX	chr2	1485238	4875	276	0.7826	51	0.902	0.1194	Concordant
T7	TPOX	chr2	1485367	5004	240	0.7792	62	0.7258	0.0534	Concordant
T7	TPOX	chr2	1485432	5069	277	0.7906	63	0.8095	0.0189	Concordant
T7	TPOX	chr2	1485475	5112	301	0.7243	61	0.7049	0.0194	Concordant
T7	TPOX	chr2	1485591	5228	329	0.693	66	0.7273	0.0343	Concordant
T7	TPOX	chr2	1485731	5368	287	0.6864	53	0.6415	0.0449	Concordant
T7	TPOX	chr2	1486025	5662	292	0.6986	50	0.82	0.1214	Concordant
T7	TPOX	chr2	1486249	5886	62	0.6129	34	0.7059	0.093	Concordant
T7	TPOX	chr2	1486296	5933	141	0.4468	81	0.5185	0.0717	Concordant
T7	TPOX	chr2	1486311	5948	161	0.3292	86	0.3953	0.0661	Concordant
T7	TPOX	chr2	1486394	6031	121	0.719	67	0.6716	0.0474	Concordant
T7	TPOX	chr2	1486450	6087	116	0.5086	70	0.5429	0.0343	Concordant
T7	TPOX	chr2	1486485	6122	114	0.5965	58	0.5517	0.0448	Concordant
T7	TPOX	chr2	1487460	7097	241	0.6183	117	0.6154	0.0029	Concordant
T7	TPOX	chr2	1487462	7099	223	0.6188	103	0.6214	0.0026	Concordant
T7	TPOX	chr2	1487472	7109	382	0.623	173	0.5434	0.0796	Concordant
T7	TPOX	chr2	1487500	7137	418	0.6124	185	0.5784	0.034	Concordant
T7	TPOX	chr2	1487550	7187	409	0.9804	185	0.9784	0.002	Concordant
T7	TPOX	chr2	1487605	7242	369	0.9593	156	0.9295	0.0298	Concordant
T7	TPOX	chr2	1487609	7246	386	0.842	168	0.8631	0.0211	Concordant
T7	TPOX	chr2	1487629	7266	395	0.6608	177	0.6441	0.0167	Concordant
T7	TPOX	chr2	1487653	7290	323	0.5759	137	0.5912	0.0153	Concordant
T7	TPOX	chr2	1487661	7298	417	0.5755	189	0.5714	0.0041	Concordant
T7	TPOX	chr2	1487691	7328	390	0.5897	176	0.5739	0.0158	Concordant
T7	TPOX	chr2	1487733	7370	374	0.9037	165	0.9394	0.0357	Concordant
T7	TPOX	chr2	1490909	10546	166	0.6446	65	0.5692	0.0754	Concordant
T7	TPOX	chr2	1490937	10574	168	0.631	87	0.7356	0.1046	Concordant
T7	TPOX	chr2	1490942	10579	159	0.4906	76	0.5658	0.0752	Concordant
T7	TPOX	chr2	1490953	10590	180	0.6056	79	0.557	0.0486	Concordant
T7	TPOX	chr2	1491030	10667	196	0.9694	82	0.9634	0.006	Concordant
T7	TPOX	chr2	1491156	10793	155	0.9484	66	0.9091	0.0393	Concordant
T7	TPOX	chr2	1492176	11813	135	0.6667	99	0.6364	0.0303	Concordant
T7	TPOX	chr2	1492223	11860	161	0.4348	110	0.3818	0.053	Concordant
T7	TPOX	chr2	1492230	11867	161	0.354	112	0.3571	0.0031	Concordant
T7	TPOX	chr2	1492240	11877	172	0.4186	127	0.3228	0.0958	Concordant
T7	TPOX	chr2	1492279	11916	188	0.3404	144	0.1736	0.1668	Concordant
T7	TPOX	chr2	1492303	11940	167	0.8084	121	0.7769	0.0315	Concordant
T7	TPOX	chr2	1492311	11948	182	0.6703	130	0.6154	0.0549	Concordant
T7	TPOX	chr2	1492397	12034	182	0.456	135	0.363	0.093	Concordant
T7	TPOX	chr2	1492401	12038	183	0.5301	116	0.5	0.0301	Concordant
T7	TPOX	chr2	1492406	12043	176	0.5284	111	0.4685	0.0599	Concordant
T7	TPOX	chr2	1492444	12081	134	0.403	83	0.5422	0.1392	Concordant
T8	PentaD	chr21	43627723	161	4	0.75	30	0.9667	0.2167	Concordant
T8	PentaD	chr21	43628053	491	5	1.0	37	0.8108	0.1892	Concordant
T8	PentaD	chr21	43628111	549	6	1.0	33	0.9697	0.0303	Concordant
T8	PentaD	chr21	43628290	728	7	1.0	42	0.9048	0.0952	Concordant
T8	PentaD	chr21	43628338	776	6	1.0	20	0.75	0.25	AlleleSpecific
T8	PentaD	chr21	43628568	1006	6	1.0	33	1.0	0.0	Concordant
T8	PentaD	chr21	43628636	1074	8	0.875	33	0.8788	0.0038	Concordant
T8	PentaD	chr21	43628681	1119	6	1.0	41	0.9756	0.0244	Concordant
T8	PentaD	chr21	43628701	1139	9	0.8889	36	0.8889	0.0	Concordant
T8	PentaD	chr21	43628720	1158	11	1.0	34	0.9412	0.0588	Concordant
T8	PentaD	chr21	43628794	1232	10	0.8	21	0.7143	0.0857	Concordant
T8	PentaD	chr21	43629173	1611	6	0.8333	23	0.913	0.0797	Concordant
T8	PentaD	chr21	43629291	1729	66	0.8333	128	0.8203	0.013	Concordant
T8	PentaD	chr21	43629433	1871	273	0.7399	464	0.7522	0.0123	Concordant
T8	PentaD	chr21	43629513	1951	240	0.6542	417	0.6619	0.0077	Concordant
T8	PentaD	chr21	43629521	1959	239	0.7908	393	0.7786	0.0122	Concordant
T8	PentaD	chr21	43629524	1962	249	0.6908	401	0.7082	0.0174	Concordant
T8	PentaD	chr21	43635638	8076	30	0.7333	23	0.8696	0.1363	Concordant
T8	PentaD	chr21	43635644	8082	38	0.7368	22	0.7273	0.0095	Concordant
T8	PentaD	chr21	43635745	8183	85	0.6706	42	0.6429	0.0277	Concordant
T8	PentaD	chr21	43635787	8225	63	0.8095	31	0.7097	0.0998	Concordant
T8	PentaD	chr21	43635821	8259	101	0.4851	48	0.4375	0.0476	Concordant
T8	PentaD	chr21	43635843	8281	107	0.3925	51	0.4118	0.0193	Concordant
T8	PentaD	chr21	43635863	8301	96	0.4271	40	0.275	0.1521	Concordant
T8	PentaD	chr21	43635877	8315	105	0.381	57	0.3684	0.0126	Concordant
T8	PentaD	chr21	43635883	8321	107	0.4393	53	0.566	0.1267	Concordant
T8	PentaD	chr21	43635915	8353	96	0.8542	58	0.8103	0.0439	Concordant
T8	PentaD	chr21	43636657	9095	68	0.6471	54	0.7037	0.0566	Concordant
T8	PentaD	chr21	43636666	9104	78	0.4103	49	0.5306	0.1203	Concordant
T8	PentaD	chr21	43636760	9198	77	0.7662	55	0.8182	0.052	Concordant
T8	PentaD	chr21	43636839	9277	81	0.3333	50	0.44	0.1067	Concordant
T8	PentaD	chr21	43636870	9308	73	0.7397	44	0.7273	0.0124	Concordant
T8	PentaD	chr21	43636876	9314	62	0.8548	45	0.8444	0.0104	Concordant
T8	PentaD	chr21	43636884	9322	83	0.8434	38	0.8684	0.025	Concordant
T8	PentaD	chr21	43636943	9381	4	1.0	14	0.7857	0.2143	Concordant
T8	PentaD	chr21	43637010	9448	7	1.0	8	0.875	0.125	Concordant
T8	PentaD	chr21	43637014	9452	6	0.5	10	0.8	0.3	AlleleSpecific
T8	PentaD	chr21	43637026	9464	12	0.8333	26	0.7692	0.0641	Concordant
T8	PentaD	chr21	43637059	9497	12	0.5	17	0.5294	0.0294	Concordant
T8	PentaD	chr21	43637086	9524	14	0.8571	18	0.9444	0.0873	Concordant
T8	PentaD	chr21	43637109	9547	13	0.8462	16	0.9375	0.0913	Concordant
T8	PentaD	chr21	43637879	10317	8	0.875	20	0.95	0.075	Concordant
T8	PentaD	chr21	43637916	10354	6	0.8333	19	0.8421	0.0088	Concordant
T8	PentaD	chr21	43638021	10459	8	1.0	21	0.9048	0.0952	Concordant
T8	PentaD	chr21	43638181	10619	24	0.9583	24	0.9167	0.0416	Concordant
T8	PentaD	chr21	43638187	10625	28	0.7143	29	0.6897	0.0246	Concordant
T8	PentaD	chr21	43638232	10670	71	0.6197	39	0.5897	0.03	Concordant
T8	PentaD	chr21	43638255	10693	68	0.9265	33	0.9697	0.0432	Concordant
T8	PentaD	chr21	43638326	10764	62	0.9032	41	0.8537	0.0495	Concordant
T8	PentaD	chr21	43638350	10788	70	0.8857	37	0.7568	0.1289	Concordant
T8	PentaD	chr21	43638408	10846	56	0.7321	29	0.931	0.1989	Concordant
T8	PentaD	chr21	43640122	12560	5	0.6	23	0.9565	0.3565	AlleleSpecific
T8	PentaD	chr21	43641078	13516	200	0.89	169	0.9231	0.0331	Concordant
T8	PentaD	chr21	43641093	13531	181	0.663	154	0.6169	0.0461	Concordant
T8	PentaD	chr21	43641117	13555	210	0.6714	177	0.7062	0.0348	Concordant
T8	PentaD	chr21	43641137	13575	186	0.8656	166	0.8916	0.026	Concordant
T8	PentaD	chr21	43641149	13587	210	0.9857	180	0.9722	0.0135	Concordant
T8	PentaD	chr21	43641189	13627	179	0.9385	136	0.9265	0.012	Concordant
T8	PentaD	chr21	43641200	13638	191	0.8848	138	0.8623	0.0225	Concordant
T8	PentaD	chr21	43641220	13658	181	0.9779	137	0.9489	0.029	Concordant
T8	PentaD	chr21	43641241	13679	200	0.465	151	0.4768	0.0118	Concordant
T8	PentaD	chr21	43641278	13716	169	0.5444	151	0.5695	0.0251	Concordant
T8	PentaD	chr21	43641288	13726	124	0.6532	107	0.6449	0.0083	Concordant
T8	PentaD	chr21	43641290	13728	112	0.5804	109	0.5596	0.0208	Concordant
T8	PentaD	chr21	43641294	13732	119	0.5462	93	0.5376	0.0086	Concordant
T8	PentaD	chr21	43641361	13799	13	1.0	52	0.8846	0.1154	Concordant
T8	PentaD	chr21	43641675	14113	58	0.8276	135	0.7852	0.0424	Concordant
T8	PentaD	chr21	43641685	14123	115	0.8609	229	0.8603	0.0006	Concordant
T8	PentaD	chr21	43641768	14206	113	0.7611	236	0.7458	0.0153	Concordant
T8	PentaD	chr21	43641818	14256	108	0.8241	224	0.817	0.0071	Concordant
T8	PentaD	chr21	43641894	14332	104	0.8173	192	0.8125	0.0048	Concordant
T8	PentaD	chr21	43642277	14715	6	0.0	36	0.4167	0.4167	AlleleSpecific
T8	PentaD	chr21	43642295	14733	5	0.0	32	0.3125	0.3125	AlleleSpecific
T8	PentaD	chr21	43642830	15268	48	0.75	104	0.7404	0.0096	Concordant
T8	PentaD	chr21	43642862	15300	41	0.7805	106	0.7358	0.0447	Concordant
T8	PentaD	chr21	43642868	15306	45	0.5111	110	0.4545	0.0566	Concordant
T8	PentaD	chr21	43642931	15369	6	0.6667	39	0.3077	0.359	AlleleSpecific
T8	PentaD	chr21	43642943	15381	5	0.4	38	0.5	0.1	Concordant
T8	PentaD	chr21	43642949	15387	5	0.6	19	0.4211	0.1789	Concordant
T8	PentaD	chr21	43642954	15392	6	0.1667	37	0.3243	0.1576	Concordant
T8	PentaD	chr21	43643677	16115	4	1.0	13	1.0	0.0	Concordant
T8	PentaD	chr21	43643680	16118	55	0.9273	46	0.9565	0.0292	Concordant
T8	PentaD	chr21	43643684	16122	79	0.8734	102	0.9314	0.058	Concordant
T8	PentaD	chr21	43643696	16134	189	0.9206	181	0.9448	0.0242	Concordant
T8	PentaD	chr21	43643729	16167	186	0.5645	174	0.5632	0.0013	Concordant
T8	PentaD	chr21	43643754	16192	217	0.9171	201	0.9104	0.0067	Concordant
T8	PentaD	chr21	43643785	16223	203	0.9163	176	0.9034	0.0129	Concordant
T8	PentaD	chr21	43643814	16252	219	0.6256	209	0.6651	0.0395	Concordant
T8	PentaD	chr21	43643818	16256	210	0.9667	198	0.9949	0.0282	Concordant
T8	PentaD	chr21	43643826	16264	190	0.6421	171	0.5263	0.1158	Concordant
T8	PentaD	chr21	43643847	16285	214	0.5981	195	0.5846	0.0135	Concordant
T8	PentaD	chr21	43643871	16309	181	0.5359	179	0.514	0.0219	Concordant
T8	PentaD	chr21	43643886	16324	208	0.5769	184	0.5326	0.0443	Concordant
T8	PentaD	chr21	43643903	16341	200	0.61	208	0.625	0.015	Concordant
T8	PentaD	chr21	43643933	16371	175	0.8914	181	0.9282	0.0368	Concordant
T9	ACKR1/CADM3	chr1	159199806	26	12	0.8333	11	0.8182	0.0151	Concordant
T9	ACKR1/CADM3	chr1	159199867	87	19	0.8421	12	0.75	0.0921	Concordant
T9	ACKR1/CADM3	chr1	159199943	163	13	0.6154	9	0.2222	0.3932	AlleleSpecific
T9	ACKR1/CADM3	chr1	159200067	287	13	1.0	10	0.8	0.2	Concordant
T9	ACKR1/CADM3	chr1	159200094	314	14	1.0	8	0.75	0.25	AlleleSpecific
T9	ACKR1/CADM3	chr1	159200129	349	13	1.0	5	1.0	0.0	Concordant
T9	ACKR1/CADM3	chr1	159200216	436	12	1.0	7	0.7143	0.2857	AlleleSpecific
T9	ACKR1/CADM3	chr1	159200386	606	7	1.0	3	1.0	0.0	Concordant
T9	ACKR1/CADM3	chr1	159200464	684	9	1.0	9	1.0	0.0	Concordant
T9	ACKR1/CADM3	chr1	159200477	697	7	0.7143	6	0.8333	0.119	Concordant
T9	ACKR1/CADM3	chr1	159200485	705	10	0.8	6	1.0	0.2	Concordant
T9	ACKR1/CADM3	chr1	159200505	725	14	0.5	9	0.5556	0.0556	Concordant
T9	ACKR1/CADM3	chr1	159200511	731	13	0.5385	10	0.5	0.0385	Concordant
T9	ACKR1/CADM3	chr1	159200656	876	12	1.0	8	0.75	0.25	AlleleSpecific
T9	ACKR1/CADM3	chr1	159200835	1055	14	0.5714	12	0.5	0.0714	Concordant
T9	ACKR1/CADM3	chr1	159200838	1058	18	0.5	6	0.6667	0.1667	Concordant
T9	ACKR1/CADM3	chr1	159200850	1070	16	0.6875	6	0.8333	0.1458	Concordant
T9	ACKR1/CADM3	chr1	159200852	1072	15	0.6667	10	0.5	0.1667	Concordant
T9	ACKR1/CADM3	chr1	159200858	1078	15	0.6	8	0.625	0.025	Concordant
T9	ACKR1/CADM3	chr1	159200880	1100	17	0.7647	9	0.3333	0.4314	AlleleSpecific
T9	ACKR1/CADM3	chr1	159200898	1118	17	0.4706	10	0.6	0.1294	Concordant
T9	ACKR1/CADM3	chr1	159200926	1146	13	0.6923	12	0.75	0.0577	Concordant
T9	ACKR1/CADM3	chr1	159200943	1163	15	0.4	10	0.5	0.1	Concordant
T9	ACKR1/CADM3	chr1	159200977	1197	12	0.25	9	0.4444	0.1944	Concordant
T9	ACKR1/CADM3	chr1	159200988	1208	16	0.375	6	0.8333	0.4583	AlleleSpecific
T9	ACKR1/CADM3	chr1	159201007	1227	11	0.3636	8	0.125	0.2386	Concordant
T9	ACKR1/CADM3	chr1	159201015	1235	13	0.3846	6	0.3333	0.0513	Concordant
T9	ACKR1/CADM3	chr1	159201024	1244	11	0.1818	6	0.5	0.3182	AlleleSpecific
T9	ACKR1/CADM3	chr1	159201076	1296	15	0.4	10	0.6	0.2	Concordant
T9	ACKR1/CADM3	chr1	159201088	1308	13	0.6154	12	0.5833	0.0321	Concordant
T9	ACKR1/CADM3	chr1	159201114	1334	9	0.6667	6	0.5	0.1667	Concordant
T9	ACKR1/CADM3	chr1	159201147	1367	15	0.8	12	0.75	0.05	Concordant
T9	ACKR1/CADM3	chr1	159201411	1631	13	0.4615	4	0.5	0.0385	Concordant
T9	ACKR1/CADM3	chr1	159201423	1643	17	0.2353	9	0.5556	0.3203	AlleleSpecific
T9	ACKR1/CADM3	chr1	159201475	1695	15	0.4667	8	0.375	0.0917	Concordant
T9	ACKR1/CADM3	chr1	159201538	1758	11	0.3636	8	0.625	0.2614	AlleleSpecific
T9	ACKR1/CADM3	chr1	159201613	1833	13	0.3077	3	0.3333	0.0256	Concordant
T9	ACKR1/CADM3	chr1	159201615	1835	10	0.5	4	0.5	0.0	Concordant
T9	ACKR1/CADM3	chr1	159201682	1902	12	0.5833	10	0.7	0.1167	Concordant
T9	ACKR1/CADM3	chr1	159201698	1918	13	0.6154	11	0.4545	0.1609	Concordant
T9	ACKR1/CADM3	chr1	159201857	2077	12	0.5833	3	1.0	0.4167	AlleleSpecific
T9	ACKR1/CADM3	chr1	159201906	2126	15	0.5333	10	0.8	0.2667	AlleleSpecific
T9	ACKR1/CADM3	chr1	159201937	2157	15	0.2	8	0.5	0.3	AlleleSpecific
T9	ACKR1/CADM3	chr1	159202300	2520	16	0.5625	11	0.5455	0.017	Concordant
T9	ACKR1/CADM3	chr1	159202322	2542	12	1.0	7	0.7143	0.2857	AlleleSpecific
T9	ACKR1/CADM3	chr1	159202460	2680	15	0.8	10	0.8	0.0	Concordant
T9	ACKR1/CADM3	chr1	159202567	2787	17	0.1765	7	0.4286	0.2521	AlleleSpecific
T9	ACKR1/CADM3	chr1	159202632	2852	10	0.5	6	0.3333	0.1667	Concordant
T9	ACKR1/CADM3	chr1	159202660	2880	11	0.4545	8	0.5	0.0455	Concordant
T9	ACKR1/CADM3	chr1	159202785	3005	14	0.6429	9	0.3333	0.3096	AlleleSpecific
T9	ACKR1/CADM3	chr1	159202830	3050	11	0.0909	5	0.0	0.0909	Concordant
T9	ACKR1/CADM3	chr1	159202905	3125	14	0.7857	7	0.8571	0.0714	Concordant
T9	ACKR1/CADM3	chr1	159202978	3198	10	0.7	4	0.75	0.05	Concordant
T9	ACKR1/CADM3	chr1	159203063	3283	14	0.5	8	0.5	0.0	Concordant
T9	ACKR1/CADM3	chr1	159203137	3357	16	0.9375	9	1.0	0.0625	Concordant
T9	ACKR1/CADM3	chr1	159203426	3646	13	0.4615	6	0.8333	0.3718	AlleleSpecific
T9	ACKR1/CADM3	chr1	159203429	3649	11	0.1818	3	0.3333	0.1515	Concordant
T9	ACKR1/CADM3	chr1	159203665	3885	16	1.0	4	1.0	0.0	Concordant
T9	ACKR1/CADM3	chr1	159203692	3912	11	1.0	3	1.0	0.0	Concordant
T9	ACKR1/CADM3	chr1	159203737	3957	18	0.7778	4	0.75	0.0278	Concordant
T9	ACKR1/CADM3	chr1	159203750	3970	18	1.0	4	1.0	0.0	Concordant
T9	ACKR1/CADM3	chr1	159203820	4040	20	0.9	4	1.0	0.1	Concordant
T9	ACKR1/CADM3	chr1	159203896	4116	17	0.4706	6	0.3333	0.1373	Concordant
T9	ACKR1/CADM3	chr1	159204211	4431	14	0.5	6	0.5	0.0	Concordant
T9	ACKR1/CADM3	chr1	159204286	4506	13	1.0	4	1.0	0.0	Concordant
T9	ACKR1/CADM3	chr1	159204333	4553	21	0.619	6	0.8333	0.2143	Concordant
T9	ACKR1/CADM3	chr1	159204366	4586	20	0.85	6	0.6667	0.1833	Concordant
T9	ACKR1/CADM3	chr1	159204372	4592	15	0.7333	6	0.5	0.2333	Concordant
T9	ACKR1/CADM3	chr1	159204494	4714	18	0.6667	4	0.5	0.1667	Concordant
T9	ACKR1/CADM3	chr1	159204633	4853	14	0.7857	7	0.7143	0.0714	Concordant
T9	ACKR1/CADM3	chr1	159204690	4910	15	0.8667	5	0.8	0.0667	Concordant
T9	ACKR1/CADM3	chr1	159204820	5040	23	0.3478	7	0.2857	0.0621	Concordant
T9	ACKR1/CADM3	chr1	159204908	5128	18	0.2778	6	0.3333	0.0555	Concordant
T9	ACKR1/CADM3	chr1	159204918	5138	13	0.3077	3	0.6667	0.359	AlleleSpecific
T9	ACKR1/CADM3	chr1	159204938	5158	9	0.2222	3	0.3333	0.1111	Concordant
T9	ACKR1/CADM3	chr1	159204953	5173	17	0.3529	3	1.0	0.6471	AlleleSpecific
T9	ACKR1/CADM3	chr1	159205284	5504	17	0.3529	5	0.6	0.2471	Concordant
T9	ACKR1/CADM3	chr1	159205323	5543	21	0.4286	3	0.3333	0.0953	Concordant
T9	ACKR1/CADM3	chr1	159205364	5584	15	0.6	6	0.1667	0.4333	AlleleSpecific
T9	ACKR1/CADM3	chr1	159205421	5641	16	0.5	8	0.375	0.125	Concordant
T9	ACKR1/CADM3	chr1	159205462	5682	20	0.35	5	0.8	0.45	AlleleSpecific
T9	ACKR1/CADM3	chr1	159205505	5725	9	0.7778	3	0.6667	0.1111	Concordant
T9	ACKR1/CADM3	chr1	159205704	5924	18	0.4444	5	0.4	0.0444	Concordant
T9	ACKR1/CADM3	chr1	159205781	6001	13	0.3846	3	1.0	0.6154	AlleleSpecific
T9	ACKR1/CADM3	chr1	159205809	6029	10	0.4	6	0.3333	0.0667	Concordant
T9	ACKR1/CADM3	chr1	159206338	6558	21	0.5714	3	0.6667	0.0953	Concordant
T9	ACKR1/CADM3	chr1	159206351	6571	20	0.6	5	0.8	0.2	Concordant
T9	ACKR1/CADM3	chr1	159206376	6596	15	0.4667	4	0.75	0.2833	AlleleSpecific
T9	ACKR1/CADM3	chr1	159207045	7265	12	1.0	3	1.0	0.0	Concordant
T9	ACKR1/CADM3	chr1	159207082	7302	22	0.9091	3	0.6667	0.2424	Concordant
T9	ACKR1/CADM3	chr1	159207173	7393	12	0.9167	4	1.0	0.0833	Concordant
T9	ACKR1/CADM3	chr1	159207185	7405	13	0.4615	4	0.5	0.0385	Concordant
T9	ACKR1/CADM3	chr1	159207260	7480	18	1.0	4	1.0	0.0	Concordant
T9	ACKR1/CADM3	chr1	159207431	7651	9	1.0	3	1.0	0.0	Concordant
T9	ACKR1/CADM3	chr1	159207753	7973	19	0.7895	3	1.0	0.2105	Concordant
T9	ACKR1/CADM3	chr1	159208018	8238	15	0.9333	4	0.5	0.4333	AlleleSpecific
T9	ACKR1/CADM3	chr1	159208035	8255	14	0.5714	3	0.3333	0.2381	Concordant
T9	ACKR1/CADM3	chr1	159208049	8269	24	0.5833	5	0.6	0.0167	Concordant
T9	ACKR1/CADM3	chr1	159208184	8404	20	0.75	4	1.0	0.25	AlleleSpecific
T9	ACKR1/CADM3	chr1	159208223	8443	19	0.6316	5	0.8	0.1684	Concordant
T9	ACKR1/CADM3	chr1	159208318	8538	18	0.7778	3	1.0	0.2222	Concordant
T9	ACKR1/CADM3	chr1	159208573	8793	15	0.1333	5	0.2	0.0667	Concordant
T9	ACKR1/CADM3	chr1	159208692	8912	25	0.68	3	0.6667	0.0133	Concordant
T9	ACKR1/CADM3	chr1	159209263	9483	27	0.5556	4	1.0	0.4444	AlleleSpecific
T9	ACKR1/CADM3	chr1	159209320	9540	25	0.84	4	0.75	0.09	Concordant
T9	ACKR1/CADM3	chr1	159209681	9901	730	0.5685	192	0.5208	0.0477	Concordant
T9	ACKR1/CADM3	chr1	159209752	9972	663	0.9427	183	0.9344	0.0083	Concordant
T9	ACKR1/CADM3	chr1	159209785	10005	396	0.899	100	0.91	0.011	Concordant
T9	ACKR1/CADM3	chr1	159209819	10039	599	0.5776	164	0.561	0.0166	Concordant
T9	ACKR1/CADM3	chr1	159209878	10098	512	0.6406	156	0.6731	0.0325	Concordant
T9	ACKR1/CADM3	chr1	159209888	10108	337	0.549	102	0.6078	0.0588	Concordant
T9	ACKR1/CADM3	chr1	159209890	10110	222	0.6351	100	0.64	0.0049	Concordant
T9	ACKR1/CADM3	chr1	159209894	10114	220	0.6909	84	0.5119	0.179	Concordant
T9	ACKR1/CADM3	chr1	159209897	10117	146	0.9726	51	1.0	0.0274	Concordant
T9	ACKR1/CADM3	chr1	159210158	10378	28	0.7143	6	0.6667	0.0476	Concordant
T9	ACKR1/CADM3	chr1	159210182	10402	26	0.5	4	0.5	0.0	Concordant
T9	ACKR1/CADM3	chr1	159210188	10408	30	0.7333	4	0.5	0.2333	Concordant
T9	ACKR1/CADM3	chr1	159210190	10410	29	0.4828	4	0.75	0.2672	AlleleSpecific
T9	ACKR1/CADM3	chr1	159210347	10567	18	0.9444	4	1.0	0.0556	Concordant
T9	ACKR1/CADM3	chr1	159210624	10844	20	0.95	3	1.0	0.05	Concordant
T9	ACKR1/CADM3	chr1	159210905	11125	28	0.8571	5	0.8	0.0571	Concordant
T9	ACKR1/CADM3	chr1	159211037	11257	18	0.6667	3	0.6667	0.0	Concordant
T9	ACKR1/CADM3	chr1	159211273	11493	20	0.7	3	0.6667	0.0333	Concordant
T9	ACKR1/CADM3	chr1	159211582	11802	28	0.7857	3	0.6667	0.119	Concordant
T9	ACKR1/CADM3	chr1	159211717	11937	31	0.3871	4	0.25	0.1371	Concordant
T10	ADH1B	chr4	99315099	327	8	0.625	13	0.9231	0.2981	AlleleSpecific
T10	ADH1B	chr4	99315217	445	15	0.9333	26	0.8846	0.0487	Concordant
T10	ADH1B	chr4	99315401	629	13	1.0	23	0.913	0.087	Concordant
T10	ADH1B	chr4	99315527	755	13	1.0	21	0.9524	0.0476	Concordant
T10	ADH1B	chr4	99315605	833	15	1.0	24	1.0	0.0	Concordant
T10	ADH1B	chr4	99315703	931	10	0.9	15	0.8667	0.0333	Concordant
T10	ADH1B	chr4	99315788	1016	15	0.9333	26	0.9615	0.0282	Concordant
T10	ADH1B	chr4	99315852	1080	17	0.9412	25	1.0	0.0588	Concordant
T10	ADH1B	chr4	99315906	1134	21	0.9048	29	0.931	0.0262	Concordant
T10	ADH1B	chr4	99315931	1159	17	0.7059	30	0.8	0.0941	Concordant
T10	ADH1B	chr4	99315970	1198	13	1.0	20	1.0	0.0	Concordant
T10	ADH1B	chr4	99316012	1240	17	0.6471	27	0.6296	0.0175	Concordant
T10	ADH1B	chr4	99316103	1331	10	0.3	13	0.5385	0.2385	Concordant
T10	ADH1B	chr4	99316241	1469	16	1.0	27	0.8519	0.1481	Concordant
T10	ADH1B	chr4	99316286	1514	11	0.7273	13	0.8462	0.1189	Concordant
T10	ADH1B	chr4	99316513	1741	14	0.8571	17	0.9412	0.0841	Concordant
T10	ADH1B	chr4	99316985	2213	14	0.6429	17	0.5882	0.0547	Concordant
T10	ADH1B	chr4	99317472	2700	14	0.8571	24	0.7083	0.1488	Concordant
T10	ADH1B	chr4	99317601	2829	19	0.6842	26	0.8077	0.1235	Concordant
T10	ADH1B	chr4	99317673	2901	12	0.8333	24	0.8333	0.0	Concordant
T10	ADH1B	chr4	99317831	3059	10	0.9	16	0.75	0.15	Concordant
T10	ADH1B	chr4	99317935	3163	6	0.5	8	0.375	0.125	Concordant
T10	ADH1B	chr4	99317937	3165	5	0.8	7	0.8571	0.0571	Concordant
T10	ADH1B	chr4	99317960	3188	8	0.875	16	0.875	0.0	Concordant
T10	ADH1B	chr4	99318019	3247	16	0.8125	20	0.9	0.0875	Concordant
T10	ADH1B	chr4	99318085	3313	17	0.6471	17	0.6471	0.0	Concordant
T10	ADH1B	chr4	99318091	3319	12	0.6667	23	0.6087	0.058	Concordant
T10	ADH1B	chr4	99318148	3376	16	0.8125	21	0.8571	0.0446	Concordant
T10	ADH1B	chr4	99318451	3679	12	0.8333	18	0.9444	0.1111	Concordant
T10	ADH1B	chr4	99318792	4020	14	1.0	11	1.0	0.0	Concordant
T10	ADH1B	chr4	99318976	4204	7	0.8571	7	0.8571	0.0	Concordant
T10	ADH1B	chr4	99319186	4414	8	0.875	14	1.0	0.125	Concordant
T10	ADH1B	chr4	99319201	4429	7	0.8571	12	0.9167	0.0596	Concordant
T10	ADH1B	chr4	99319365	4593	10	0.8	12	0.8333	0.0333	Concordant
T10	ADH1B	chr4	99319576	4804	14	0.7857	17	0.8824	0.0967	Concordant
T10	ADH1B	chr4	99319606	4834	9	0.6667	10	0.6	0.0667	Concordant
T10	ADH1B	chr4	99319739	4967	9	0.8889	19	0.5263	0.3626	AlleleSpecific
T10	ADH1B	chr4	99319763	4991	10	1.0	10	0.9	0.1	Concordant
T10	ADH1B	chr4	99320099	5327	13	0.6154	22	0.7273	0.1119	Concordant
T10	ADH1B	chr4	99320336	5564	11	0.6364	22	0.5455	0.0909	Concordant
T10	ADH1B	chr4	99321334	6562	14	0.6429	22	0.8636	0.2207	Concordant
T10	ADH1B	chr4	99321467	6695	10	0.9	22	0.9091	0.0091	Concordant
T10	ADH1B	chr4	99321659	6887	13	0.9231	20	0.9	0.0231	Concordant
T10	ADH1B	chr4	99321705	6933	11	0.9091	24	0.9167	0.0076	Concordant
T10	ADH1B	chr4	99321766	6994	10	0.9	7	1.0	0.1	Concordant
T10	ADH1B	chr4	99321800	7028	9	1.0	17	0.9412	0.0588	Concordant
T10	ADH1B	chr4	99322024	7252	4	0.75	14	1.0	0.25	AlleleSpecific
T10	ADH1B	chr4	99322152	7380	12	0.9167	25	0.88	0.0367	Concordant
T10	ADH1B	chr4	99322298	7526	8	0.875	16	0.875	0.0	Concordant
T10	ADH1B	chr4	99322576	7804	11	0.8182	22	0.9545	0.1363	Concordant
T10	ADH1B	chr4	99322795	8023	5	0.6	20	0.75	0.15	Concordant
T10	ADH1B	chr4	99323020	8248	6	1.0	17	0.9412	0.0588	Concordant
