Target_ID	Genomic_Pos	Nanopore_5mC	WGBS_Benchmark_5mC	Residual
T1	27983308	0.8	0.843	-0.043
T1	27983340	1.0	0.8432	0.1568
T1	27983395	0.9231	0.874	0.0491
T1	27983528	0.9333	0.9241	0.0092
T1	27983565	1.0	0.992	0.008
T1	27983573	0.5556	0.5097	0.0459
T1	27983586	0.3846	0.5604	-0.1758
T1	27983588	0.625	0.6483	-0.0233
T1	27983652	0.5385	0.4691	0.0694
T1	27983671	0.5556	0.5636	-0.008
T1	27983718	0.5714	0.5085	0.0629
T1	27983837	0.3333	0.3875	-0.0542
T1	27984268	0.6667	0.6725	-0.0058
T1	27984275	0.6842	0.7243	-0.0401
T1	27984301	0.2857	0.3652	-0.0795
T1	27984440	0.3333	0.524	-0.1907
T1	27984583	0.9878	1.0	-0.0122
T1	27984591	0.8933	0.8648	0.0285
T1	27984621	0.622	0.6065	0.0155
T1	27984646	0.6989	0.4737	0.2252
T1	27984653	0.5714	0.552	0.0194
T1	27984707	1.0	0.9773	0.0227
T1	27984717	0.6071	0.6219	-0.0148
T1	27984749	0.8243	0.7554	0.0689
T1	27984914	0.3846	0.2808	0.1038
T1	27984951	0.3333	0.3586	-0.0253
T1	27985032	0.8	0.5496	0.2504
T1	27985043	0.4118	0.4832	-0.0714
T1	27985059	0.8889	0.5848	0.3041
T1	27985078	0.3333	0.5759	-0.2426
T1	27985101	0.5294	0.5413	-0.0119
T1	27985125	0.3846	0.4151	-0.0305
T1	27985129	0.125	0.4788	-0.3538
T1	27985131	0.5	0.3878	0.1122
T1	27985166	0.4167	0.4985	-0.0818
T1	27985172	0.3889	0.3342	0.0547
T1	27985181	0.4706	0.4018	0.0688
T1	27985235	0.8571	0.6129	0.2442
T1	27985320	0.7857	0.7966	-0.0109
T1	27985337	0.6364	0.7561	-0.1197
T1	27985360	0.5714	0.398	0.1734
T1	27985476	0.6667	0.8069	-0.1402
T1	27985487	0.8235	0.7163	0.1072
T1	27985761	0.4568	0.3683	0.0885
T1	27985780	0.4891	0.4317	0.0574
T1	27985804	0.4493	0.4417	0.0076
T1	27985817	0.5957	0.3735	0.2222
T1	27985837	0.8452	0.6739	0.1713
T1	27985849	0.8265	0.7452	0.0813
T1	27985926	0.8133	0.6898	0.1235
T1	27985970	0.8649	0.8749	-0.01
T1	27985982	0.7556	0.7857	-0.0301
T1	27986340	0.913	0.8301	0.0829
T1	27986604	1.0	0.7552	0.2448
T1	27986614	0.7333	0.8137	-0.0804
T1	27986699	0.9167	0.8601	0.0566
T1	27986788	1.0	0.9475	0.0525
T1	27986977	1.0	0.8693	0.1307
T1	27987012	0.4091	0.4713	-0.0622
T1	27987016	0.55	0.5796	-0.0296
T1	27987046	0.875	0.8338	0.0412
T1	27987457	0.8624	0.8561	0.0063
T1	27987490	0.6495	0.5329	0.1166
T1	27987494	0.6244	0.6881	-0.0637
T1	27987501	0.6778	0.6413	0.0365
T1	27987515	0.8738	0.8453	0.0285
T1	27987597	0.953	0.9916	-0.0386
T1	27987601	0.8923	0.8286	0.0637
T1	27987658	0.5594	0.5838	-0.0244
T1	27987685	0.4983	0.4946	0.0037
T1	27987714	0.845	0.9629	-0.1179
T1	27987741	0.8182	0.8695	-0.0513
T1	27988014	0.8571	0.7902	0.0669
T1	27988022	0.7059	0.8548	-0.1489
T1	27988032	0.625	0.564	0.061
T1	27988052	0.4583	0.3219	0.1364
T1	27988060	0.8261	0.8203	0.0058
T1	27988076	0.8	0.7212	0.0788
T1	27988217	0.3182	0.3527	-0.0345
T1	27988263	0.8333	0.8246	0.0087
T1	27988281	0.75	0.6879	0.0621
T1	27988290	0.8621	0.7457	0.1164
T1	27988390	0.5263	0.6163	-0.09
T1	27988493	0.5455	0.7576	-0.2121
T1	27988513	0.75	0.8206	-0.0706
T1	27988579	0.5556	0.7828	-0.2272
T1	27988587	0.8182	0.7272	0.091
T1	27988642	0.7273	0.7703	-0.043
T1	27988706	0.7273	0.6023	0.125
T1	27988767	0.7778	0.7868	-0.009
T1	27988778	0.84	0.5189	0.3211
T1	27988836	0.1905	0.393	-0.2025
T1	27988857	0.5185	0.5024	0.0161
T1	27988862	0.2	0.3359	-0.1359
T1	27988894	0.44	0.29	0.15
T1	27988921	0.6923	0.7096	-0.0173
T1	27988952	0.5714	0.6637	-0.0923
T1	27989044	0.44	0.375	0.065
T1	27989126	0.8571	0.6718	0.1853
T1	27989139	0.4286	0.4788	-0.0502
T1	27989333	0.7391	0.7207	0.0184
T1	27989386	0.7778	0.8155	-0.0377
T1	27989395	0.7083	0.7297	-0.0214
T1	27989416	0.7143	0.872	-0.1577
T1	27989422	0.6667	0.777	-0.1103
T1	27989498	0.8077	0.7818	0.0259
T1	27989531	0.619	0.5114	0.1076
T1	27989552	0.7059	0.5003	0.2056
T1	27989559	0.2353	0.5336	-0.2983
T1	27989565	0.3571	0.446	-0.0889
T1	27989582	0.5	0.5199	-0.0199
T1	27989622	0.6316	0.4825	0.1491
T1	27989699	0.4667	0.5198	-0.0531
T1	27989703	0.5	0.4191	0.0809
T1	27989706	0.5417	0.456	0.0857
T1	27989734	0.75	0.5491	0.2009
T1	27989766	0.5238	0.4448	0.079
T1	27989819	0.875	0.9506	-0.0756
T1	27989922	1.0	0.9098	0.0902
T1	27989946	0.68	0.5733	0.1067
T1	27989978	0.4348	0.5053	-0.0705
T1	27990175	0.5806	0.7161	-0.1355
T1	27990253	0.5	0.596	-0.096
T1	27990349	1.0	0.9359	0.0641
T1	27990467	0.8	0.9469	-0.1469
T1	27990496	1.0	0.953	0.047
T1	27990578	0.64	0.5756	0.0644
T1	27990627	0.6154	0.4698	0.1456
T1	27990644	0.68	0.6354	0.0446
T1	27990672	0.8462	0.9756	-0.1294
T1	27990674	0.5333	0.6477	-0.1144
T1	27990686	0.9259	0.7978	0.1281
T1	27990704	1.0	1.0	0.0
T1	27990830	0.8929	0.8691	0.0238
T1	27990891	0.7143	0.8413	-0.127
T1	27991243	0.7368	0.7778	-0.041
T1	27991363	0.6071	0.8653	-0.2582
T1	27991393	0.7879	0.8749	-0.087
T1	27991417	0.75	0.6432	0.1068
T1	27991427	0.6087	0.6484	-0.0397
T1	27991433	0.7692	0.7417	0.0275
T1	27991489	0.9091	0.6999	0.2092
T1	27991588	0.7586	0.7608	-0.0022
T1	27991765	0.75	0.696	0.054
T1	27991777	0.7188	0.6785	0.0403
T1	27992073	0.6818	0.7549	-0.0731
T1	27992103	0.8438	0.7576	0.0862
T1	27992123	0.7079	0.698	0.0099
T1	27992136	0.6301	0.6749	-0.0448
T1	27992142	0.7073	0.7929	-0.0856
T1	27992166	0.3947	0.3125	0.0822
T1	27992289	0.6891	0.7474	-0.0583
T1	27992352	0.301	0.2761	0.0249
T1	27992389	0.8175	0.7809	0.0366
T1	27992391	0.8378	0.8648	-0.027
T1	27992499	0.5	0.5338	-0.0338
T1	27992520	0.45	0.2911	0.1589
T1	27992563	0.3243	0.3752	-0.0509
T1	27992582	0.8	0.9561	-0.1561
T1	27992807	0.8286	0.8484	-0.0198
T1	27992840	0.2414	0.5718	-0.3304
T1	27992870	0.5161	0.5581	-0.042
T1	27992926	0.9508	0.8159	0.1349
T1	27993016	0.9123	0.8812	0.0311
T1	27993110	0.9298	1.0	-0.0702
T1	27993118	0.7778	0.8935	-0.1157
T2	28112773	0.4	0.8687	-0.4687
T2	28112800	0.5	0.8012	-0.3012
T2	28112976	0.8571	0.9105	-0.0534
T2	28113087	0.6667	0.2703	0.3964
T2	28113100	0.4	0.2489	0.1511
T2	28113126	0.8333	0.5397	0.2936
T2	28113206	0.6	0.63	-0.03
T2	28113220	0.6667	0.3774	0.2893
T2	28113310	0.6	0.606	-0.006
T2	28113336	0.7143	0.5922	0.1221
T2	28113346	0.6667	0.5656	0.1011
T2	28113576	0.5714	0.6604	-0.089
T2	28113587	0.8	0.5161	0.2839
T2	28113593	0.3333	0.5867	-0.2534
T2	28113643	0.8	0.5226	0.2774
T2	28113774	0.7143	0.53	0.1843
T2	28113833	0.5	0.5626	-0.0626
T2	28113878	0.5	0.6384	-0.1384
T2	28113994	0.5714	0.6445	-0.0731
T2	28114005	0.5	0.5079	-0.0079
T2	28114039	0.3333	0.2559	0.0774
T2	28114110	0.6	0.2192	0.3808
T2	28114206	1.0	0.5449	0.4551
T2	28114221	0.2	0.4696	-0.2696
T2	28114241	0.4	0.3804	0.0196
T2	28114597	1.0	0.7976	0.2024
T2	28114623	0.6	0.6899	-0.0899
T2	28114643	0.2	0.5029	-0.3029
T2	28115140	0.2	0.3429	-0.1429
T2	28115365	0.6	0.4296	0.1704
T2	28115512	0.4	0.3514	0.0486
T2	28115598	0.8	0.8962	-0.0962
T2	28115612	0.8333	0.7415	0.0918
T2	28115699	0.5714	0.6975	-0.1261
T2	28115893	0.0	0.3032	-0.3032
T2	28116036	0.2	0.5684	-0.3684
T2	28116066	0.4	0.6033	-0.2033
T2	28116109	0.2	0.366	-0.166
T2	28116123	0.2	0.5009	-0.3009
T2	28116146	0.6	0.5092	0.0908
T2	28116164	0.8	0.8232	-0.0232
T2	28116194	1.0	0.8582	0.1418
T2	28116276	0.8293	0.8365	-0.0072
T2	28116299	0.5643	0.5174	0.0469
T2	28116306	0.4526	0.5212	-0.0686
T2	28116405	0.7982	0.8055	-0.0073
T2	28116436	0.9189	0.8574	0.0615
T2	28116496	0.8642	0.8111	0.0531
T2	28116506	0.9615	0.9183	0.0432
T2	28116508	1.0	1.0	0.0
T2	28116649	1.0	0.6795	0.3205
T2	28116692	0.8	0.2403	0.5597
T2	28116704	0.5714	0.6804	-0.109
T2	28116708	0.4	0.3496	0.0504
T2	28116730	0.5	0.3988	0.1012
T2	28116755	0.4	0.4526	-0.0526
T2	28116767	0.8333	0.5226	0.3107
T2	28116780	1.0	0.6019	0.3981
T2	28116788	0.6	0.6192	-0.0192
T2	28116833	0.4	0.5117	-0.1117
T2	28116922	0.6667	0.6574	0.0093
T2	28116975	0.7143	0.4844	0.2299
T2	28116997	0.6	0.6564	-0.0564
T2	28117036	0.8333	0.5914	0.2419
T2	28117058	0.8333	0.972	-0.1387
T2	28117112	0.6	0.5077	0.0923
T2	28117130	0.6	0.6225	-0.0225
T2	28117147	0.4	0.4372	-0.0372
T2	28117178	0.8	0.496	0.304
T2	28117212	0.2857	0.4587	-0.173
T2	28117239	0.8	0.489	0.311
T2	28117253	0.4	0.2562	0.1438
T2	28117312	0.0	0.2626	-0.2626
T2	28117321	0.0	0.2461	-0.2461
T2	28117325	0.0	0.169	-0.169
T2	28117339	0.1667	0.3564	-0.1897
T2	28117345	0.2	0.1351	0.0649
T2	28117370	0.6	0.52	0.08
T2	28117450	0.0	0.5489	-0.5489
T2	28117467	0.4	0.5776	-0.1776
T2	28117601	0.6	0.5663	0.0337
T2	28117848	0.0	0.1152	-0.1152
T2	28117861	0.0	0.0	0.0
T2	28117869	0.1429	0.1778	-0.0349
T2	28118151	0.75	0.6749	0.0751
T2	28118169	0.4	0.4315	-0.0315
T2	28118246	0.3333	0.3382	-0.0049
T2	28118249	0.8	0.434	0.366
T2	28118283	0.6	0.4936	0.1064
T2	28118292	0.8333	0.3261	0.5072
T2	28118667	0.8333	0.4522	0.3811
T2	28118687	0.2	0.099	0.101
T2	28118703	0.0	0.1498	-0.1498
T2	28118714	0.2	0.2086	-0.0086
T2	28118737	0.2	0.5519	-0.3519
T2	28118841	0.7143	0.7205	-0.0062
T2	28118869	0.1667	0.3782	-0.2115
T2	28118991	0.6667	0.7695	-0.1028
T2	28118995	1.0	0.9169	0.0831
T2	28119005	0.9032	0.7579	0.1453
T2	28119129	0.8333	0.7758	0.0575
T2	28119161	0.6364	0.4904	0.146
T2	28119166	0.5106	0.5868	-0.0762
T2	28119272	0.9485	0.9256	0.0229
T2	28119378	0.9794	0.8913	0.0881
T2	28119455	0.8333	0.8048	0.0285
T2	28119492	0.9231	1.0	-0.0769
T2	28119508	0.9787	0.932	0.0467
T2	28119522	0.6154	0.5347	0.0807
T2	28119546	0.6	0.6672	-0.0672
T2	28119655	0.7333	0.87	-0.1367
T2	28119702	0.6824	0.6295	0.0529
T2	28119807	1.0	1.0	0.0
T2	28120050	0.1667	0.5204	-0.3537
T2	28120066	0.8571	1.0	-0.1429
T2	28120134	0.875	0.9504	-0.0754
T2	28120198	0.75	0.9171	-0.1671
T2	28120207	1.0	0.9147	0.0853
T2	28120234	1.0	0.8593	0.1407
T2	28120446	0.8571	0.8519	0.0052
T2	28120487	1.0	0.9966	0.0034
T2	28120595	1.0	0.7805	0.2195
T2	28120720	0.625	0.704	-0.079
T2	28120791	0.8	0.8152	-0.0152
T2	28120838	0.0	0.3634	-0.3634
T2	28121043	1.0	0.5773	0.4227
T2	28121266	0.7778	0.2488	0.529
T2	28121292	0.5	0.4685	0.0315
T2	28121353	0.5	0.4931	0.0069
T2	28121366	0.8	0.7057	0.0943
T2	28121416	0.6	0.7958	-0.1958
T2	28121424	0.7143	0.7645	-0.0502
T2	28121618	0.0	0.1015	-0.1015
T2	28121643	0.3333	0.3952	-0.0619
T2	28121692	0.8	0.3792	0.4208
T2	28121808	0.7143	0.5294	0.1849
T2	28121854	0.0	0.1635	-0.1635
T2	28121893	0.0	0.1402	-0.1402
T2	28121946	0.2	0.196	0.004
T2	28121958	0.4286	0.0829	0.3457
T2	28121984	0.2	0.1799	0.0201
T2	28121999	0.1667	0.1463	0.0204
T2	28122001	0.2	0.2157	-0.0157
T2	28122011	0.0	0.142	-0.142
T2	28122023	0.1429	0.1737	-0.0308
T2	28122049	0.0	0.1798	-0.1798
T2	28122065	0.2	0.4165	-0.2165
T2	28122089	0.2857	0.4451	-0.1594
T2	28122108	0.25	0.4649	-0.2149
T2	28122154	0.5714	0.551	0.0204
T2	28122183	0.3333	0.4925	-0.1592
T2	28122204	0.6667	0.2627	0.404
T2	28122273	0.2	0.2121	-0.0121
T2	28122278	0.2	0.2407	-0.0407
T2	28122284	0.375	0.5268	-0.1518
T2	28122349	0.6	0.6701	-0.0701
T2	28122361	0.4	0.616	-0.216
T2	28122473	0.8571	0.6615	0.1956
T2	28122504	0.0	0.2793	-0.2793
T2	28122578	0.4286	0.3053	0.1233
T2	28122626	0.4286	0.7336	-0.305
T2	28122665	0.5	0.7476	-0.2476
T2	28122694	0.7143	0.5007	0.2136
T2	28122722	0.8333	0.5368	0.2965
T2	28122764	0.125	0.6389	-0.5139
T2	28122824	0.625	0.351	0.274
T2	28122860	0.6	0.4528	0.1472
T2	28122878	0.75	0.5475	0.2025
T2	28122901	0.5714	0.5398	0.0316
T2	28123010	1.0	0.9689	0.0311
T2	28123153	1.0	0.942	0.058
T2	28123302	1.0	0.8754	0.1246
T2	28123589	0.7143	0.8323	-0.118
T2	28123597	1.0	0.8138	0.1862
T2	28123660	0.1667	0.4561	-0.2894
T2	28123663	0.7143	0.5674	0.1469
T2	28123724	0.7143	0.5342	0.1801
T2	28123917	0.8	0.7201	0.0799
T2	28124090	0.625	0.3686	0.2564
T2	28124109	0.4	0.3897	0.0103
T2	28124123	0.5	0.406	0.094
T2	28124179	0.25	0.3219	-0.0719
T2	28124190	0.5556	0.4023	0.1533
T2	28124281	0.5714	0.7115	-0.1401
T2	28124792	0.6154	0.6439	-0.0285
T2	28124936	0.7778	0.6371	0.1407
T2	28124979	0.3333	0.245	0.0883
T2	28124997	0.3333	0.4585	-0.1252
T2	28125032	0.1429	0.1755	-0.0326
T2	28125045	0.4286	0.5022	-0.0736
T2	28125053	0.375	0.4278	-0.0528
T2	28125082	0.5455	0.3982	0.1473
T2	28125118	0.5556	0.4071	0.1485
T2	28125146	0.5714	0.6616	-0.0902
T2	28125173	1.0	0.7824	0.2176
T2	28125243	0.7778	0.7665	0.0113
T2	28125283	1.0	0.8715	0.1285
T2	28125403	0.7	0.8824	-0.1824
T2	28125570	1.0	0.9606	0.0394
T2	28125641	1.0	0.792	0.208
T2	28125743	0.5	0.5655	-0.0655
T2	28125849	1.0	1.0	0.0
T2	28125873	0.5	0.7118	-0.2118
T2	28125888	0.4	0.6585	-0.2585
T2	28125897	0.3333	0.4766	-0.1433
T2	28125904	0.7857	0.7005	0.0852
T2	28125910	0.5	0.6277	-0.1277
T2	28125914	0.7273	0.6997	0.0276
T2	28125922	0.5833	0.591	-0.0077
T2	28125958	1.0	1.0	0.0
T2	28126031	1.0	0.9175	0.0825
T2	28126242	1.0	0.9593	0.0407
T2	28126275	1.0	1.0	0.0
T2	28126277	0.6667	0.9575	-0.2908
T2	28126301	0.8571	0.8725	-0.0154
T2	28126403	0.8333	0.8822	-0.0489
T2	28126631	1.0	0.8682	0.1318
T2	28126658	0.8889	0.8385	0.0504
T2	28126672	0.9167	0.7887	0.128
T2	28126706	1.0	0.9257	0.0743
T2	28126844	0.5	0.839	-0.339
T2	28126940	0.8333	0.8351	-0.0018
T2	28126969	0.75	0.8477	-0.0977
T2	28126998	0.6667	0.7424	-0.0757
T2	28127098	0.8571	0.7207	0.1364
T2	28127118	0.2727	0.4819	-0.2092
T2	28127124	0.5556	0.4742	0.0814
T2	28127173	0.4286	0.5272	-0.0986
T2	28127190	0.5	0.4453	0.0547
T2	28127195	0.3	0.498	-0.198
T2	28127202	0.0	0.3314	-0.3314
T2	28127236	0.5	0.2487	0.2513
T2	28127299	0.375	0.4051	-0.0301
T2	28127373	0.2	0.3341	-0.1341
T2	28127391	0.5714	0.7661	-0.1947
T2	28127570	0.75	0.6368	0.1132
T2	28127576	0.875	0.671	0.204
T2	28127674	0.2727	0.4464	-0.1737
T2	28127679	0.4444	0.5263	-0.0819
T2	28127691	0.2727	0.4637	-0.191
T2	28127751	0.2727	0.6622	-0.3895
T2	28127964	0.8	0.8251	-0.0251
T2	28128062	0.5455	0.8825	-0.337
T2	28128081	0.8333	0.7599	0.0734
T2	28128089	0.6154	0.7502	-0.1348
T2	28128100	0.7692	0.7476	0.0216
T2	28128169	0.6	0.7738	-0.1738
T2	28128182	0.9167	0.8357	0.081
T2	28128272	0.375	0.3698	0.0052
T2	28128279	0.625	0.6253	-0.0003
T2	28128311	0.25	0.5009	-0.2509
T2	28128353	0.3636	0.5086	-0.145
T2	28128355	0.5	0.478	0.022
T2	28128613	0.9286	0.8914	0.0372
T2	28128631	1.0	0.7867	0.2133
T2	28128656	0.9231	0.8985	0.0246
T2	28128662	0.6667	0.7585	-0.0918
T2	28128698	0.6364	0.8065	-0.1701
T2	28128733	0.6667	0.6233	0.0434
T2	28128754	0.6364	0.4845	0.1519
T2	28128912	0.6	0.5339	0.0661
T2	28129141	1.0	1.0	0.0
T2	28129146	0.6923	0.8244	-0.1321
T2	28129153	1.0	0.9822	0.0178
T2	28129331	0.3333	0.5721	-0.2388
T2	28129346	0.5	0.4763	0.0237
T2	28129376	0.8333	0.6674	0.1659
T2	28129447	0.5	0.6516	-0.1516
T2	28129449	0.4	0.5865	-0.1865
T2	28129497	1.0	0.9918	0.0082
T2	28129562	0.75	0.57	0.18
T2	28129624	0.3333	0.6893	-0.356
T2	28129839	0.8619	0.9799	-0.118
T2	28129869	0.3797	0.4057	-0.026
T2	28129920	0.7312	0.7897	-0.0585
T2	28129922	0.8177	0.7639	0.0538
T2	28129924	0.8687	0.8075	0.0612
T2	28129974	0.8986	0.8962	0.0024
T2	28129994	0.8011	0.8501	-0.049
T2	28130008	0.474	0.4255	0.0485
T2	28130015	0.525	0.4083	0.1167
T2	28130093	0.5	0.4777	0.0223
T2	28130142	0.25	0.3191	-0.0691
T2	28130202	0.5	0.3774	0.1226
T2	28130208	0.2	0.3926	-0.1926
T2	28130243	0.5556	0.5962	-0.0406
T3	92303437	1.0	0.9259	0.0741
T3	92303465	0.7	0.7884	-0.0884
T3	92303511	0.75	0.7996	-0.0496
T3	92303543	0.9167	0.8744	0.0423
T3	92303606	1.0	0.7394	0.2606
T3	92303651	1.0	0.8376	0.1624
T3	92303730	0.5714	0.6973	-0.1259
T3	92303942	0.8333	0.8068	0.0265
T3	92304211	0.6667	0.7323	-0.0656
T3	92304576	0.875	0.7844	0.0906
T3	92304806	1.0	0.7717	0.2283
T3	92304935	0.9	0.7492	0.1508
T3	92304938	0.8	0.7632	0.0368
T3	92305058	1.0	0.7932	0.2068
T3	92305375	0.4	0.697	-0.297
T3	92305594	0.4545	0.3489	0.1056
T3	92305730	0.5625	0.7507	-0.1882
T3	92305793	0.4375	0.3587	0.0788
T3	92305868	0.75	0.5665	0.1835
T3	92306025	0.4	0.7342	-0.3342
T3	92306148	0.7143	0.6597	0.0546
T3	92306867	1.0	1.0	0.0
T3	92307716	1.0	0.9279	0.0721
T3	92307863	1.0	0.8805	0.1195
T3	92307943	0.8	0.8284	-0.0284
T3	92308159	0.8	0.6392	0.1608
T3	92308595	0.8	0.7676	0.0324
T3	92308698	0.8333	0.7678	0.0655
T3	92309073	0.6	0.746	-0.146
T3	92309386	1.0	0.7845	0.2155
T3	92313676	0.8	0.8422	-0.0422
T3	92314527	0.8	0.7895	0.0105
T3	92315886	0.7968	0.7109	0.0859
T3	92315892	0.8498	0.8804	-0.0306
T3	92315946	0.5837	0.4895	0.0942
T3	92315991	0.871	0.9215	-0.0505
T3	92316022	0.8892	0.8189	0.0703
T3	92316036	0.7983	0.8302	-0.0319
T3	92316038	0.73	0.7167	0.0133
T3	92316080	0.4879	0.3895	0.0984
T3	92316090	0.5199	0.4886	0.0313
T3	92316114	0.5448	0.5131	0.0317
T3	92316160	0.8235	0.8983	-0.0748
T3	92316200	0.75	0.731	0.019
T3	92319614	0.6168	0.6346	-0.0178
T3	92319652	0.5403	0.6225	-0.0822
T3	92319684	0.9372	0.9898	-0.0526
T3	92319810	0.6346	0.6572	-0.0226
T3	92319864	0.8788	0.9062	-0.0274
T3	92322828	0.2	0.2687	-0.0687
T3	92322840	0.6	0.19	0.41
T3	92323069	0.4	0.3811	0.0189
T3	92323105	0.6	0.3898	0.2102
T3	92323131	0.4	0.3371	0.0629
T3	92323144	0.0	0.3508	-0.3508
T3	92323178	0.4	0.2627	0.1373
T3	92323184	0.4	0.3116	0.0884
T3	92323270	0.2	0.3232	-0.1232
T3	92323272	0.2	0.2392	-0.0392
T3	92323312	0.4	0.3505	0.0495
T3	92323326	0.4	0.3996	0.0004
T3	92323552	0.2	0.2335	-0.0335
T3	92323638	0.0	0.2372	-0.2372
T4	33944731	0.5714	0.5266	0.0448
T4	33944737	0.4857	0.5155	-0.0298
T4	33944770	0.4412	0.4394	0.0018
T4	33944812	0.5	0.3771	0.1229
T4	33944836	0.5333	0.5031	0.0302
T4	33944981	0.7727	0.8763	-0.1036
T4	33945256	1.0	0.9393	0.0607
T4	33945280	0.9	0.9723	-0.0723
T4	33945487	0.9697	0.987	-0.0173
T4	33945522	1.0	0.8272	0.1728
T4	33945659	0.8857	0.9484	-0.0627
T4	33945764	0.9444	1.0	-0.0556
T4	33945823	0.8182	0.8332	-0.015
T4	33945898	0.85	0.829	0.021
T4	33945935	0.8846	1.0	-0.1154
T4	33946136	0.9	0.9276	-0.0276
T4	33946548	0.8571	0.7417	0.1154
T4	33946565	0.9	0.7064	0.1936
T4	33946593	1.0	0.8386	0.1614
T4	33946771	0.8636	0.6539	0.2097
T4	33947177	0.7	0.7559	-0.0559
T4	33947179	0.7143	0.6586	0.0557
T4	33947274	0.8182	0.7873	0.0309
T4	33947295	0.8182	0.7362	0.082
T4	33947322	0.7273	0.8051	-0.0778
T4	33947658	0.7778	0.7327	0.0451
T4	33947756	0.7857	0.7559	0.0298
T4	33947997	0.8889	0.9308	-0.0419
T4	33948370	0.9412	0.8648	0.0764
T4	33948457	1.0	0.9807	0.0193
T4	33949748	0.8462	1.0	-0.1538
T4	33949813	0.75	0.8192	-0.0692
T4	33949985	0.6957	0.6492	0.0465
T4	33950081	0.7895	0.7007	0.0888
T4	33950367	0.7059	0.6606	0.0453
T4	33950460	0.6154	0.7393	-0.1239
T4	33950848	0.7143	0.8027	-0.0884
T4	33950898	0.5833	0.789	-0.2057
T4	33951243	0.9231	0.8773	0.0458
T4	33951430	1.0	0.9432	0.0568
T4	33951575	0.8182	0.8982	-0.08
T4	33951608	0.8571	0.8718	-0.0147
T4	33951620	0.8333	0.8768	-0.0435
T4	33951665	1.0	1.0	0.0
T4	33951667	1.0	0.9429	0.0571
T4	33951826	1.0	0.9559	0.0441
T4	33951989	0.9333	0.958	-0.0247
T4	33952184	1.0	1.0	0.0
T4	33952203	1.0	0.9364	0.0636
T4	33952249	0.75	0.4362	0.3138
T4	33952286	0.8	0.6761	0.1239
T4	33952455	0.875	0.8333	0.0417
T4	33952641	1.0	0.7859	0.2141
T4	33952782	0.7952	0.756	0.0392
T4	33952849	0.4202	0.4529	-0.0327
T4	33952939	0.6706	0.5923	0.0783
T4	33952962	0.7638	0.6253	0.1385
T4	33953142	0.6761	0.7166	-0.0405
T4	33953155	0.674	0.6604	0.0136
T4	33953560	0.7103	0.8293	-0.119
T4	33953583	0.6797	0.7275	-0.0478
T4	33953593	0.7372	0.6519	0.0853
T4	33953626	0.7384	0.8124	-0.074
T4	33953821	0.671	0.6893	-0.0183
T4	33954171	0.7143	0.7743	-0.06
T4	33954351	1.0	0.9739	0.0261
T4	33954440	0.8889	0.9092	-0.0203
T4	33954500	0.8333	0.819	0.0143
T4	33954685	1.0	0.9488	0.0512
T4	33955012	1.0	0.9844	0.0156
T4	33955304	0.9375	0.9343	0.0032
T4	33955676	0.875	0.6581	0.2169
T4	33956390	0.6471	0.7203	-0.0732
T4	33956842	0.7692	0.806	-0.0368
T4	33957006	0.5	0.6828	-0.1828
T4	33957280	1.0	0.8437	0.1563
T4	33957412	1.0	0.8051	0.1949
T4	33957760	0.9286	0.9611	-0.0325
T4	33958108	1.0	1.0	0.0
T4	33958198	0.8571	0.8553	0.0018
T4	33958574	0.8824	0.9557	-0.0733
T4	33958758	0.6667	0.9391	-0.2724
T4	33958788	0.6	0.878	-0.278
T4	33958871	0.4118	0.4835	-0.0717
T4	33958887	0.75	0.4724	0.2776
T4	33958916	0.8095	0.8228	-0.0133
T4	33958968	0.9048	0.9199	-0.0151
T4	33958993	0.6667	0.7929	-0.1262
T4	33959280	0.875	0.6212	0.2538
T4	33959303	1.0	0.8423	0.1577
T4	33959330	0.6667	0.7415	-0.0748
T5	89259157	0.7857	0.7503	0.0354
T5	89259168	0.9167	0.8939	0.0228
T5	89259182	0.9444	0.77	0.1744
T5	89259206	1.0	0.9304	0.0696
T5	89259478	1.0	0.9062	0.0938
T5	89259531	1.0	0.9944	0.0056
T5	89259631	0.8333	0.9019	-0.0686
T5	89260147	0.8889	1.0	-0.1111
T5	89260937	0.8333	0.733	0.1003
T5	89260995	1.0	0.6912	0.3088
T5	89261681	1.0	0.6658	0.3342
T5	89262116	0.9298	0.7453	0.1845
T5	89262175	0.6059	0.4857	0.1202
T5	89262492	1.0	0.9797	0.0203
T5	89262520	0.9375	0.8542	0.0833
T5	89263499	0.8824	0.9945	-0.1121
T5	89264149	0.75	0.5386	0.2114
T5	89264326	0.5833	0.8003	-0.217
T5	89264543	0.6957	0.7431	-0.0474
T5	89264717	0.6667	0.6562	0.0105
T5	89264760	0.8	0.7872	0.0128
T5	89265010	0.5714	0.7923	-0.2209
T5	89265390	1.0	0.9521	0.0479
T5	89265816	0.8462	0.9006	-0.0544
T5	89266041	1.0	1.0	0.0
T5	89266553	0.7143	0.8272	-0.1129
T5	89267335	0.75	0.7169	0.0331
T5	89267657	0.6667	0.7019	-0.0352
T5	89267722	0.8	0.7398	0.0602
T5	89268187	0.4286	0.8255	-0.3969
T5	89268808	1.0	0.7987	0.2013
T5	89268889	0.875	0.9311	-0.0561
T5	89268947	1.0	0.9343	0.0657
T5	89269492	0.7778	0.8693	-0.0915
T5	89269694	0.8	0.8935	-0.0935
T5	89269957	0.875	0.8443	0.0307
T5	89270010	0.5714	0.7842	-0.2128
T5	89270022	1.0	0.9228	0.0772
T5	89270202	1.0	0.8997	0.1003
T5	89270335	0.6	0.7702	-0.1702
T5	89270510	0.5714	0.7676	-0.1962
T5	89271915	0.9	0.8353	0.0647
T5	89272208	1.0	0.8508	0.1492
T5	89273024	0.9091	0.8047	0.1044
T5	89273379	0.2857	0.2788	0.0069
T5	89275723	1.0	0.7738	0.2262
T5	89276332	0.6	0.7999	-0.1999
T5	89280215	0.6	0.6391	-0.0391
T5	89290957	1.0	0.7898	0.2102
T5	89292402	0.6	0.854	-0.254
T5	89292588	0.5	0.6293	-0.1293
T5	89292700	0.8333	0.7786	0.0547
T5	89293396	0.8	0.8718	-0.0718
T5	89293493	0.875	0.7824	0.0926
T5	89293845	0.7143	0.7643	-0.05
T5	89293956	0.8889	0.8911	-0.0022
T5	89294125	0.6667	0.9378	-0.2711
T5	89294173	1.0	1.0	0.0
T5	89294216	1.0	0.9607	0.0393
T5	89294361	1.0	0.953	0.047
T5	89294387	1.0	1.0	0.0
T5	89294506	0.3333	0.2652	0.0681
T5	89294510	0.5714	0.4257	0.1457
T5	89294523	0.5	0.6701	-0.1701
T5	89294525	0.5	0.5299	-0.0299
T5	89294553	0.3333	0.2998	0.0335
T5	89294558	0.0	0.3599	-0.3599
T5	89294571	0.4	0.4061	-0.0061
T5	89294584	0.8889	0.6	0.2889
T5	89294605	0.6667	0.4538	0.2129
T5	89294616	1.0	1.0	0.0
T5	89294786	0.8	1.0	-0.2
T5	89294804	1.0	1.0	0.0
T5	89294900	0.4286	0.9183	-0.4897
T5	89294924	0.7143	0.9765	-0.2622
T5	89295093	0.75	0.9083	-0.1583
T5	89295188	1.0	0.8433	0.1567
T5	89295193	0.8	0.74	0.06
T5	89295218	0.4286	0.583	-0.1544
T5	89295221	0.625	0.4903	0.1347
T5	89295234	0.6	0.4712	0.1288
T5	89295277	0.5	0.5099	-0.0099
T5	89295908	0.5	0.679	-0.179
T6	392246	0.25	0.2166	0.0334
T6	392249	0.1333	0.2861	-0.1528
T6	392256	0.3158	0.1247	0.1911
T6	392259	0.25	0.201	0.049
T6	392261	0.3333	0.2992	0.0341
T6	392272	0.2667	0.255	0.0117
T6	392278	0.125	0.1879	-0.0629
T6	392309	0.2	0.2014	-0.0014
T6	392314	0.2632	0.2287	0.0345
T6	392323	0.1429	0.2546	-0.1117
T6	392327	0.0	0.2501	-0.2501
T6	392339	0.3043	0.2709	0.0334
T6	392347	0.3333	0.2606	0.0727
T6	392349	0.3571	0.2627	0.0944
T6	392370	0.2632	0.2301	0.0331
T6	392379	0.5238	0.3289	0.1949
T6	392382	0.1429	0.1438	-0.0009
T6	392392	0.2667	0.4301	-0.1634
T6	392394	0.2353	0.2986	-0.0633
T6	392403	0.5	0.3478	0.1522
T6	392409	0.2	0.1843	0.0157
T6	392417	0.3478	0.4612	-0.1134
T6	392428	0.3333	0.3513	-0.018
T6	392435	0.2273	0.3107	-0.0834
T6	392438	0.1875	0.1746	0.0129
T6	392442	0.25	0.3166	-0.0666
T6	392449	0.3846	0.32	0.0646
T6	392451	0.3571	0.3325	0.0246
T6	392453	0.3077	0.2831	0.0246
T6	392463	0.4	0.3896	0.0104
T6	392483	0.1538	0.2639	-0.1101
T6	392485	0.2143	0.2447	-0.0304
T6	392491	0.3846	0.2485	0.1361
T6	392501	0.4	0.1998	0.2002
T6	392523	0.5455	0.5288	0.0167
T6	392525	0.5385	0.4818	0.0567
T6	392555	0.3333	0.4857	-0.1524
T6	392560	0.4444	0.5362	-0.0918
T6	392575	0.1765	0.2715	-0.095
T6	392588	0.4286	0.3009	0.1277
T6	392605	0.375	0.3898	-0.0148
T6	392613	0.4615	0.3321	0.1294
T6	392624	0.1429	0.2699	-0.127
T6	392628	0.25	0.335	-0.085
T6	392632	0.3529	0.357	-0.0041
T6	392638	0.2632	0.3494	-0.0862
T6	392648	0.3158	0.3506	-0.0348
T6	392650	0.3529	0.3474	0.0055
T6	392652	0.2353	0.2394	-0.0041
T6	392661	0.4	0.2944	0.1056
T6	392688	0.35	0.2843	0.0657
T6	392690	0.4545	0.1778	0.2767
T6	392701	0.5294	0.2999	0.2295
T6	392708	0.375	0.3584	0.0166
T6	392723	0.1765	0.3589	-0.1824
T6	392733	0.4286	0.2161	0.2125
T6	392742	0.2941	0.3194	-0.0253
T6	392752	0.2857	0.3236	-0.0379
T6	392776	0.4118	0.2666	0.1452
T6	392804	0.5	0.3389	0.1611
T6	392808	0.5	0.4296	0.0704
T6	392811	0.3182	0.2484	0.0698
T6	392813	0.3	0.302	-0.002
T6	392818	0.381	0.3828	-0.0018
T6	392835	0.3333	0.2212	0.1121
T6	392841	0.2778	0.3266	-0.0488
T6	392858	0.2667	0.4357	-0.169
T6	392872	0.3529	0.4356	-0.0827
T6	392874	0.2941	0.4241	-0.13
T6	392881	0.45	0.399	0.051
T6	392887	0.3889	0.4561	-0.0672
T6	392894	0.6471	0.3899	0.2572
T6	392898	0.4615	0.3198	0.1417
T6	392908	0.6	0.3763	0.2237
T6	392921	0.1333	0.3924	-0.2591
T6	392925	0.5714	0.3829	0.1885
T6	392930	0.5263	0.3102	0.2161
T6	392934	0.4	0.3623	0.0377
T6	392936	0.1538	0.2895	-0.1357
T6	392952	0.4	0.4383	-0.0383
T6	392960	0.3333	0.3051	0.0282
T6	392964	0.2857	0.4215	-0.1358
T6	392975	0.1176	0.1827	-0.0651
T6	392980	0.3333	0.2752	0.0581
T6	392982	0.4167	0.2001	0.2166
T6	392984	0.6667	0.4107	0.256
T6	392991	0.3333	0.3733	-0.04
T6	393008	0.25	0.3536	-0.1036
T6	393016	0.2857	0.3129	-0.0272
T6	393028	0.3333	0.3066	0.0267
T6	393038	0.3	0.2598	0.0402
T6	393043	0.4706	0.3393	0.1313
T6	393052	0.5833	0.4214	0.1619
T6	393059	0.4615	0.267	0.1945
T6	393067	0.3	0.2352	0.0648
T6	393093	0.3333	0.244	0.0893
T6	393110	0.4167	0.2165	0.2002
T6	393114	0.5385	0.3864	0.1521
T6	393124	0.3333	0.2492	0.0841
T6	393128	0.2143	0.2129	0.0014
T6	393130	0.5	0.4148	0.0852
T6	393134	0.3158	0.3666	-0.0508
T6	393136	0.1111	0.2335	-0.1224
T6	393140	0.6154	0.3671	0.2483
T6	393145	0.1111	0.2317	-0.1206
T6	393147	0.2222	0.2639	-0.0417
T6	393167	0.1765	0.2069	-0.0304
T6	393170	0.3684	0.3608	0.0076
T6	393174	0.4706	0.4144	0.0562
T6	393179	0.2667	0.4061	-0.1394
T6	393188	0.2632	0.4314	-0.1682
T6	393197	0.25	0.4344	-0.1844
T6	393199	0.4118	0.3166	0.0952
T6	393209	0.3636	0.376	-0.0124
T6	393215	0.375	0.2562	0.1188
T6	393225	0.3529	0.2507	0.1022
T6	393239	0.2857	0.3348	-0.0491
T6	393248	0.7368	0.6742	0.0626
T6	393254	0.3636	0.6148	-0.2512
T6	393266	0.6	0.5014	0.0986
T6	393284	0.5	0.489	0.011
T6	393303	0.7059	0.6327	0.0732
T6	393320	0.4	0.6801	-0.2801
T6	393322	0.3529	0.5195	-0.1666
T6	393342	0.3846	0.2724	0.1122
T6	393344	0.5714	0.3756	0.1958
T6	393353	0.4615	0.3139	0.1476
T6	393356	0.2308	0.3724	-0.1416
T6	393358	0.4706	0.4123	0.0583
T6	393374	0.4211	0.4732	-0.0521
T6	393380	0.3529	0.2956	0.0573
T6	393387	0.1875	0.1686	0.0189
T6	393390	0.5	0.2272	0.2728
T6	393396	0.2	0.3335	-0.1335
T6	393398	0.4	0.4584	-0.0584
T6	393401	0.5	0.3451	0.1549
T6	393425	0.3333	0.3516	-0.0183
T6	393434	0.2667	0.402	-0.1353
T6	393437	0.4167	0.3969	0.0198
T6	393440	0.2353	0.313	-0.0777
T6	393446	0.3684	0.2446	0.1238
T6	393451	0.1429	0.326	-0.1831
T6	393465	0.4	0.3866	0.0134
T6	393467	0.375	0.4297	-0.0547
T6	393469	0.3077	0.2351	0.0726
T6	393474	0.2857	0.3546	-0.0689
T6	393478	0.4615	0.4108	0.0507
T6	393482	0.0625	0.2599	-0.1974
T6	393486	0.4444	0.2661	0.1783
T6	393489	0.4667	0.3111	0.1556
T6	393505	0.2778	0.2187	0.0591
T6	393508	0.2381	0.2305	0.0076
T6	393511	0.3889	0.3059	0.083
T6	393517	0.5556	0.1845	0.3711
T6	393540	0.2222	0.2705	-0.0483
T6	393550	0.25	0.3977	-0.1477
T6	393556	0.5	0.2754	0.2246
T6	393558	0.3333	0.4273	-0.094
T6	393565	0.4667	0.2775	0.1892
T6	393572	0.4	0.1189	0.2811
T6	393583	0.4	0.2999	0.1001
T6	393585	0.3333	0.3091	0.0242
T6	393605	0.3571	0.2732	0.0839
T6	393616	0.0667	0.1853	-0.1186
T6	393620	0.1667	0.3757	-0.209
T6	393626	0.4	0.0869	0.3131
T6	393636	0.25	0.1783	0.0717
T6	393660	0.3333	0.3567	-0.0234
T6	393662	0.1176	0.2305	-0.1129
T6	393666	0.0952	0.1795	-0.0843
T6	393670	0.381	0.306	0.075
T6	393674	0.3846	0.2986	0.086
T6	393680	0.1053	0.3058	-0.2005
T6	393688	0.0833	0.2825	-0.1992
T6	393699	0.2353	0.266	-0.0307
T6	393710	0.2632	0.1302	0.133
T6	393718	0.2143	0.328	-0.1137
T6	393725	0.3889	0.2046	0.1843
T6	393731	0.3125	0.2102	0.1023
T6	393735	0.2	0.3184	-0.1184
T6	393748	0.2667	0.2472	0.0195
T6	393757	0.1176	0.2515	-0.1339
T6	393761	0.4286	0.2375	0.1911
T6	393765	0.0	0.113	-0.113
T6	393767	0.1818	0.2233	-0.0415
T6	393776	0.1053	0.2855	-0.1802
T6	393779	0.8571	0.5166	0.3405
T6	393789	0.5	0.5186	-0.0186
T6	393799	0.625	0.3955	0.2295
T6	393801	0.3571	0.4602	-0.1031
T6	393819	0.8824	0.8586	0.0238
T6	393880	0.9	0.8373	0.0627
T6	393899	0.6667	0.6698	-0.0031
T6	393957	0.5294	0.4165	0.1129
T6	394006	0.5	0.4516	0.0484
T6	394008	0.4286	0.538	-0.1094
T6	394020	0.5833	0.902	-0.3187
T6	394027	0.5625	0.6975	-0.135
T6	394035	0.5	0.3579	0.1421
T6	394073	0.2857	0.3209	-0.0352
T6	394127	0.2632	0.4738	-0.2106
T6	394277	0.6429	0.7391	-0.0962
T6	394292	0.6875	0.7876	-0.1001
T6	394391	0.8333	0.6835	0.1498
T6	394403	0.625	0.8764	-0.2514
T6	394427	0.75	0.5901	0.1599
T6	394632	0.9286	0.8477	0.0809
T6	394687	0.625	0.4294	0.1956
T6	394695	0.5	0.381	0.119
T6	394709	0.6923	0.7629	-0.0706
T6	394796	0.5833	0.6267	-0.0434
T6	394848	0.6364	0.3819	0.2545
T6	394859	0.4286	0.3689	0.0597
T6	394888	0.3333	0.2906	0.0427
T6	394890	0.375	0.3952	-0.0202
T6	394901	0.2222	0.3451	-0.1229
T6	394941	1.0	0.8771	0.1229
T6	394966	0.8462	0.8139	0.0323
T6	395576	0.9	0.8209	0.0791
T6	395604	1.0	1.0	0.0
T6	395734	0.9375	0.8312	0.1063
T6	395813	0.8182	0.8691	-0.0509
T6	395874	0.4286	0.5148	-0.0862
T6	395910	0.7	0.5057	0.1943
T6	395922	0.8571	0.6863	0.1708
T6	395967	0.4286	0.3051	0.1235
T6	396082	1.0	0.9743	0.0257
T6	396102	1.0	1.0	0.0
T6	396141	1.0	0.8858	0.1142
T6	396145	0.9	1.0	-0.1
T6	396151	0.9286	0.9797	-0.0511
T6	396365	0.8333	1.0	-0.1667
T6	396464	0.875	0.9681	-0.0931
T6	396481	1.0	0.9418	0.0582
T6	396539	0.9167	0.7334	0.1833
T6	396591	1.0	1.0	0.0
T6	396596	0.7143	0.5652	0.1491
T6	396643	0.8571	0.6733	0.1838
T6	396648	0.5625	0.5035	0.059
T6	396695	0.4167	0.6661	-0.2494
T6	396700	0.4375	0.6917	-0.2542
T6	396747	1.0	0.7543	0.2457
T6	396799	1.0	0.7481	0.2519
T6	396804	0.4286	0.3669	0.0617
T6	396851	0.8182	0.9063	-0.0881
T6	396903	0.9286	0.7987	0.1299
T6	396955	0.9333	0.9328	0.0005
T6	396960	0.5714	0.542	0.0294
T6	397007	0.5	0.4722	0.0278
T6	397012	0.6923	0.5848	0.1075
T6	397059	0.9231	0.8164	0.1067
T6	397137	0.3125	0.401	-0.0885
T6	397141	0.3	0.4829	-0.1829
T6	397158	0.3846	0.3859	-0.0013
T6	397163	0.4167	0.3887	0.028
T6	397178	0.375	0.5011	-0.1261
T6	397187	0.75	0.5909	0.1591
T6	397205	0.2941	0.3128	-0.0187
T6	397216	0.8	0.5117	0.2883
T6	397315	0.375	0.6274	-0.2524
T6	397370	0.4444	0.2653	0.1791
T6	397381	0.4286	0.4751	-0.0465
T6	397469	0.875	0.6795	0.1955
T6	397611	0.6667	0.64	0.0267
T6	397671	0.875	0.5583	0.3167
T6	397700	0.7333	0.681	0.0523
T6	397777	0.4286	0.7532	-0.3246
T6	397855	0.2	0.6746	-0.4746
T6	398184	0.7143	0.7701	-0.0558
T6	398285	0.8571	0.7748	0.0823
T6	398505	0.8571	0.6573	0.1998
T6	398580	0.7273	0.8284	-0.1011
T6	398615	1.0	0.9677	0.0323
T6	398675	0.6667	0.6096	0.0571
T6	398724	0.2857	0.2059	0.0798
T6	398772	0.4444	0.5592	-0.1148
T6	398779	0.2	0.5699	-0.3699
T6	398782	0.875	0.8159	0.0591
T6	398883	0.4444	0.5858	-0.1414
T6	398916	0.6	0.5683	0.0317
T6	398927	0.6667	0.7029	-0.0362
T6	398965	0.7143	0.5373	0.177
T6	399013	0.875	0.5779	0.2971
T6	399149	0.9286	0.8829	0.0457
T6	399235	1.0	0.9541	0.0459
T6	399264	0.8889	0.8371	0.0518
T6	399580	1.0	0.8594	0.1406
T6	399752	0.625	0.8338	-0.2088
T6	399853	0.8333	0.8904	-0.0571
T6	400001	0.7333	0.8047	-0.0714
T6	400010	0.75	0.7223	0.0277
T6	400049	0.75	0.7121	0.0379
T6	400061	0.6667	0.8052	-0.1385
T6	400090	0.6923	0.8983	-0.206
T6	400104	1.0	0.9222	0.0778
T6	400386	0.625	0.7183	-0.0933
T6	400420	0.9286	0.8651	0.0635
T6	400460	0.625	0.7028	-0.0778
T6	400859	0.8182	0.6837	0.1345
T6	400877	0.5556	0.6658	-0.1102
T6	400900	0.8889	0.7709	0.118
T6	401140	0.6667	0.769	-0.1023
T6	401153	0.5714	0.7735	-0.2021
T6	401199	0.6	0.7491	-0.1491
T6	401221	0.8182	0.8166	0.0016
T6	401263	0.5	0.3079	0.1921
T6	401288	0.1667	0.3688	-0.2021
T6	401311	0.5455	0.4875	0.058
T6	401363	0.4444	0.4457	-0.0013
T6	401372	0.5	0.4292	0.0708
T6	401405	0.4615	0.5372	-0.0757
T6	401429	0.5455	0.4848	0.0607
T6	401453	0.2	0.4469	-0.2469
T7	1480381	0.8889	0.8912	-0.0023
T7	1480427	0.875	0.7576	0.1174
T7	1480432	0.8421	0.9385	-0.0964
T7	1480605	0.7647	0.596	0.1687
T7	1480668	0.5385	0.6961	-0.1576
T7	1480723	0.4286	0.5549	-0.1263
T7	1480752	0.4	0.4906	-0.0906
T7	1480781	0.6897	0.5101	0.1796
T7	1480810	0.5652	0.6121	-0.0469
T7	1480821	0.4762	0.6565	-0.1803
T7	1480835	0.6842	0.64	0.0442
T7	1480884	0.9524	0.8748	0.0776
T7	1480926	0.7308	0.6674	0.0634
T7	1481008	0.6111	0.4583	0.1528
T7	1481034	0.4	0.5527	-0.1527
T7	1481044	0.7368	0.6781	0.0587
T7	1481053	0.625	0.6023	0.0227
T7	1481057	0.619	0.4964	0.1226
T7	1481326	0.5714	0.5399	0.0315
T7	1481408	0.9375	1.0	-0.0625
T7	1481428	1.0	0.9519	0.0481
T7	1481537	0.3333	0.5989	-0.2656
T7	1481573	0.12	0.2822	-0.1622
T7	1481594	0.4444	0.6515	-0.2071
T7	1481623	0.3478	0.4873	-0.1395
T7	1481736	0.5789	0.5615	0.0174
T7	1481837	0.5	0.6102	-0.1102
T7	1481926	0.2381	0.2689	-0.0308
T7	1481948	0.4615	0.3051	0.1564
T7	1481980	0.55	0.2214	0.3286
T7	1482098	0.8261	0.8427	-0.0166
T7	1482130	0.625	0.7185	-0.0935
T7	1482170	0.3	0.4792	-0.1792
T7	1482172	0.7778	0.3385	0.4393
T7	1482186	0.9167	0.5867	0.33
T7	1482189	0.3333	0.46	-0.1267
T7	1482202	0.4167	0.403	0.0137
T7	1482220	0.6364	0.4499	0.1865
T7	1482234	0.3158	0.4206	-0.1048
T7	1482257	0.3846	0.4139	-0.0293
T7	1482268	0.6875	0.3488	0.3387
T7	1482412	0.3913	0.4907	-0.0994
T7	1482464	0.4091	0.2955	0.1136
T7	1482524	0.4286	0.4348	-0.0062
T7	1482527	0.25	0.3153	-0.0653
T7	1482535	0.4	0.4982	-0.0982
T7	1482551	0.375	0.2852	0.0898
T7	1482595	0.7273	0.6103	0.117
T7	1482721	0.8571	0.7114	0.1457
T7	1482729	0.65	0.7467	-0.0967
T7	1482960	0.8571	0.8055	0.0516
T7	1482972	0.6087	0.8194	-0.2107
T7	1483038	0.3684	0.4324	-0.064
T7	1483041	0.25	0.3767	-0.1267
T7	1483200	0.5789	0.3064	0.2725
T7	1483229	0.5714	0.4253	0.1461
T7	1483497	0.4706	0.4934	-0.0228
T7	1483509	0.6429	0.508	0.1349
T7	1483511	0.5833	0.535	0.0483
T7	1483552	0.8421	0.7097	0.1324
T7	1483595	1.0	0.9767	0.0233
T7	1483604	0.6875	0.7985	-0.111
T7	1483675	1.0	0.8099	0.1901
T7	1483735	0.55	0.5219	0.0281
T7	1483745	0.5	0.6348	-0.1348
T7	1483753	0.4	0.488	-0.088
T7	1483800	0.5	0.6624	-0.1624
T7	1483834	1.0	0.8088	0.1912
T7	1484123	0.9091	0.8505	0.0586
T7	1484164	0.75	0.8849	-0.1349
T7	1484308	0.5789	0.5999	-0.021
T7	1484326	0.3529	0.4896	-0.1367
T7	1484403	0.9	0.8651	0.0349
T7	1484480	1.0	1.0	0.0
T7	1484533	0.7	0.5917	0.1083
T7	1484537	0.6154	0.6512	-0.0358
T7	1484542	0.6667	0.5241	0.1426
T7	1484637	0.6667	0.6871	-0.0204
T7	1484655	0.4545	0.7239	-0.2694
T7	1484685	0.6	0.5686	0.0314
T7	1484706	0.4615	0.6138	-0.1523
T7	1484721	0.5789	0.557	0.0219
T7	1484728	0.1579	0.3452	-0.1873
T7	1484733	0.625	0.3618	0.2632
T7	1484744	0.5	0.3441	0.1559
T7	1484753	0.1111	0.25	-0.1389
T7	1484772	0.3571	0.3586	-0.0015
T7	1484793	0.25	0.4215	-0.1715
T7	1484802	0.3529	0.4425	-0.0896
T7	1484848	0.381	0.589	-0.208
T7	1484866	1.0	0.8222	0.1778
T7	1484954	0.8816	0.8376	0.044
T7	1484969	0.8298	0.8657	-0.0359
T7	1485014	0.8867	0.9211	-0.0344
T7	1485071	0.774	0.807	-0.033
T7	1485078	0.8343	0.8465	-0.0122
T7	1485095	0.5435	0.4469	0.0966
T7	1485150	0.7796	0.8282	-0.0486
T7	1485173	0.7901	0.7468	0.0433
T7	1485238	0.7953	0.8518	-0.0565
T7	1485367	0.7636	0.8741	-0.1105
T7	1485432	0.7892	0.747	0.0422
T7	1485475	0.7231	0.6737	0.0494
T7	1485591	0.703	0.8079	-0.1049
T7	1485731	0.6799	0.603	0.0769
T7	1486025	0.7167	0.62	0.0967
T7	1486088	0.625	0.6576	-0.0326
T7	1486093	0.8947	0.8424	0.0523
T7	1486131	0.5333	0.6886	-0.1553
T7	1486137	0.6667	0.7801	-0.1134
T7	1486150	0.6667	0.6614	0.0053
T7	1486249	0.6442	0.5911	0.0531
T7	1486296	0.4635	0.5323	-0.0688
T7	1486311	0.3383	0.303	0.0353
T7	1486394	0.7073	0.7756	-0.0683
T7	1486450	0.52	0.5055	0.0145
T7	1486485	0.5676	0.4169	0.1507
T7	1486783	0.375	0.4925	-0.1175
T7	1486793	0.75	0.5228	0.2272
T7	1486830	0.75	0.4302	0.3198
T7	1486834	0.3889	0.411	-0.0221
T7	1486837	0.4545	0.4719	-0.0174
T7	1486916	0.7143	0.5093	0.205
T7	1486952	0.95	0.9219	0.0281
T7	1486962	1.0	0.821	0.179
T7	1487004	0.8095	0.8716	-0.0621
T7	1487047	0.625	0.573	0.052
T7	1487063	0.75	0.5604	0.1896
T7	1487077	0.5625	0.5476	0.0149
T7	1487097	0.75	0.5491	0.2009
T7	1487203	1.0	0.9752	0.0248
T7	1487420	0.9375	0.9578	-0.0203
T7	1487460	0.6295	0.5456	0.0839
T7	1487462	0.6132	0.6502	-0.037
T7	1487472	0.5993	0.5389	0.0604
T7	1487500	0.5981	0.6653	-0.0672
T7	1487550	0.9811	1.0	-0.0189
T7	1487605	0.9496	0.9861	-0.0365
T7	1487609	0.851	0.9189	-0.0679
T7	1487629	0.653	0.7127	-0.0597
T7	1487653	0.5789	0.6325	-0.0536
T7	1487661	0.5635	0.5755	-0.012
T7	1487691	0.5803	0.5853	-0.005
T7	1487733	0.9164	0.8986	0.0178
T7	1487841	1.0	0.8469	0.1531
T7	1487894	0.7	0.6126	0.0874
T7	1487905	0.4167	0.4951	-0.0784
T7	1487950	0.6923	0.5078	0.1845
T7	1487973	0.625	0.6358	-0.0108
T7	1487981	0.5	0.5558	-0.0558
T7	1488033	0.6	0.5894	0.0106
T7	1488043	0.8421	0.66	0.1821
T7	1488115	0.8462	0.7952	0.051
T7	1488187	0.6429	0.8027	-0.1598
T7	1488217	0.7857	0.8269	-0.0412
T7	1488245	0.4286	0.4934	-0.0648
T7	1488272	0.6	0.6064	-0.0064
T7	1488274	0.5714	0.4859	0.0855
T7	1488308	0.3529	0.5629	-0.21
T7	1488390	0.3333	0.4227	-0.0894
T7	1488493	0.0909	0.1592	-0.0683
T7	1488520	0.1765	0.2165	-0.04
T7	1488608	0.5455	0.4107	0.1348
T7	1488644	0.2308	0.39	-0.1592
T7	1488690	0.25	0.3043	-0.0543
T7	1488775	0.6364	0.3231	0.3133
T7	1488939	0.6667	0.6659	0.0008
T7	1489033	0.1	0.4384	-0.3384
T7	1489055	0.3333	0.3507	-0.0174
T7	1489065	0.5333	0.4332	0.1001
T7	1489177	0.25	0.392	-0.142
T7	1489220	0.5	0.4004	0.0996
T7	1489451	0.4762	0.5213	-0.0451
T7	1489556	0.3684	0.5241	-0.1557
T7	1489612	0.5882	0.3426	0.2456
T7	1489615	0.913	0.8434	0.0696
T7	1489699	0.8462	0.8442	0.002
T7	1489724	0.9091	0.8065	0.1026
T7	1489750	0.5	0.5474	-0.0474
T7	1489759	0.4737	0.4611	0.0126
T7	1489855	0.5789	0.7072	-0.1283
T7	1489881	0.5	0.5407	-0.0407
T7	1489889	0.4375	0.5985	-0.161
T7	1489898	0.3636	0.5454	-0.1818
T7	1489906	0.6667	0.5441	0.1226
T7	1489941	0.619	0.5737	0.0453
T7	1489961	0.4667	0.4414	0.0253
T7	1489966	0.625	0.5422	0.0828
T7	1489991	0.6316	0.5838	0.0478
T7	1490011	0.4286	0.5027	-0.0741
T7	1490016	0.4286	0.3817	0.0469
T7	1490039	0.5909	0.5422	0.0487
T7	1490041	0.4	0.5211	-0.1211
T7	1490061	0.8	0.665	0.135
T7	1490066	0.5882	0.4363	0.1519
T7	1490091	0.5714	0.4967	0.0747
T7	1490111	0.5	0.4012	0.0988
T7	1490116	0.8182	0.6221	0.1961
T7	1490141	0.75	0.5651	0.1849
T7	1490161	0.4737	0.5653	-0.0916
T7	1490166	0.5882	0.5538	0.0344
T7	1490191	0.7059	0.6005	0.1054
T7	1490211	0.5294	0.6118	-0.0824
T7	1490216	0.75	0.6293	0.1207
T7	1490241	0.7222	0.6244	0.0978
T7	1490266	0.7895	0.7207	0.0688
T7	1490291	0.65	0.5426	0.1074
T7	1490311	0.5882	0.4742	0.114
T7	1490316	0.7222	0.5862	0.136
T7	1490341	0.5714	0.5577	0.0137
T7	1490361	0.5455	0.5742	-0.0287
T7	1490366	0.7143	0.5261	0.1882
T7	1490391	0.5882	0.6504	-0.0622
T7	1490411	0.4706	0.6024	-0.1318
T7	1490416	0.7059	0.6516	0.0543
T7	1490441	0.625	0.6116	0.0134
T7	1490461	0.625	0.6803	-0.0553
T7	1490466	0.6154	0.5366	0.0788
T7	1490491	0.7895	0.6021	0.1874
T7	1490530	0.8889	0.4427	0.4462
T7	1490542	0.8333	0.7726	0.0607
T7	1490583	1.0	0.9907	0.0093
T7	1490593	1.0	0.8676	0.1324
T7	1490600	0.9231	0.8802	0.0429
T7	1490623	0.95	0.9161	0.0339
T7	1490689	0.9474	0.9967	-0.0493
T7	1490744	1.0	0.972	0.028
T7	1490775	0.9091	0.876	0.0331
T7	1490819	0.9167	0.9216	-0.0049
T7	1490846	0.8667	0.8912	-0.0245
T7	1490909	0.6345	0.685	-0.0505
T7	1490937	0.6642	0.6702	-0.006
T7	1490942	0.524	0.4839	0.0401
T7	1490953	0.5839	0.5312	0.0527
T7	1491030	0.9696	0.9669	0.0027
T7	1491156	0.9397	0.9061	0.0336
T7	1491205	1.0	0.8714	0.1286
T7	1491410	0.8	0.6618	0.1382
T7	1491661	0.7059	0.7164	-0.0105
T7	1491820	0.5333	0.384	0.1493
T7	1491837	0.5	0.3454	0.1546
T7	1491885	0.4737	0.3959	0.0778
T7	1491912	0.375	0.315	0.06
T7	1491954	0.05	0.1982	-0.1482
T7	1491966	0.2941	0.1333	0.1608
T7	1491974	0.0556	0.1104	-0.0548
T7	1492012	0.25	0.3485	-0.0985
T7	1492176	0.6512	0.8266	-0.1754
T7	1492223	0.4027	0.429	-0.0263
T7	1492230	0.3624	0.3724	-0.01
T7	1492240	0.3769	0.3542	0.0227
T7	1492279	0.2669	0.1152	0.1517
T7	1492303	0.7903	0.7804	0.0099
T7	1492311	0.6439	0.6333	0.0106
T7	1492397	0.4261	0.4475	-0.0214
T7	1492401	0.5216	0.5071	0.0145
T7	1492406	0.4968	0.484	0.0128
T7	1492444	0.4511	0.4536	-0.0025
T7	1492463	0.7143	0.8254	-0.1111
T7	1492728	0.3077	0.4649	-0.1572
T7	1492774	0.2	0.5017	-0.3017
T7	1492820	0.6522	0.4411	0.2111
T7	1492857	0.4	0.2949	0.1051
T7	1492860	0.5294	0.565	-0.0356
T7	1492876	0.6429	0.6119	0.031
T7	1492891	0.2632	0.4538	-0.1906
T7	1492959	0.6842	0.4546	0.2296
T7	1492997	0.3333	0.4663	-0.133
T7	1493014	0.4211	0.2586	0.1625
T7	1493039	0.2632	0.2053	0.0579
T7	1493067	0.5833	0.6172	-0.0339
T7	1493356	1.0	0.9388	0.0612
T7	1493418	0.75	0.7813	-0.0313
T7	1493422	0.6538	0.6488	0.005
T7	1493453	0.6154	0.6357	-0.0203
T7	1493487	0.6087	0.7128	-0.1041
T7	1493559	0.48	0.5557	-0.0757
T7	1493566	0.5714	0.6084	-0.037
T7	1493597	0.4615	0.5994	-0.1379
T7	1493630	0.5862	0.721	-0.1348
T7	1493634	0.7	0.7523	-0.0523
T7	1493637	0.5185	0.523	-0.0045
T7	1493709	0.7083	0.5469	0.1614
T7	1493721	0.7917	0.8122	-0.0205
T7	1493827	0.25	0.5723	-0.3223
T7	1493837	0.2667	0.6676	-0.4009
T7	1493851	0.6	0.4794	0.1206
T7	1493872	0.5417	0.7341	-0.1924
T7	1493884	0.4762	0.726	-0.2498
T7	1493890	0.7647	0.6315	0.1332
T7	1493929	0.6667	0.5795	0.0872
T7	1493975	0.6667	0.612	0.0547
T7	1494026	0.6667	0.6316	0.0351
T7	1494031	0.36	0.5853	-0.2253
T7	1494043	0.6	0.5169	0.0831
T7	1494058	0.4444	0.4354	0.009
T7	1494070	0.6429	0.6011	0.0418
T7	1494096	0.5294	0.4929	0.0365
T7	1494134	0.75	0.5432	0.2068
T8	43627723	0.9429	0.9849	-0.042
T8	43628053	0.8409	0.8572	-0.0163
T8	43628111	0.9756	0.9108	0.0648
T8	43628290	0.9216	0.9046	0.017
T8	43628338	0.8214	0.8305	-0.0091
T8	43628568	1.0	1.0	0.0
T8	43628636	0.881	0.7747	0.1063
T8	43628681	0.98	0.9938	-0.0138
T8	43628701	0.8936	0.8667	0.0269
T8	43628720	0.9574	1.0	-0.0426
T8	43628794	0.75	0.8252	-0.0752
T8	43629173	0.8966	0.8681	0.0285
T8	43629291	0.8159	0.8648	-0.0489
T8	43629433	0.7494	0.7621	-0.0127
T8	43629513	0.6586	0.7034	-0.0448
T8	43629521	0.7831	0.845	-0.0619
T8	43629524	0.6965	0.7274	-0.0309
T8	43629603	0.7	0.6217	0.0783
T8	43629677	0.7714	0.8148	-0.0434
T8	43630045	0.75	0.7479	0.0021
T8	43630309	0.7083	0.6195	0.0888
T8	43630323	0.8	0.8547	-0.0547
T8	43630343	0.8667	0.6795	0.1872
T8	43630365	0.4706	0.6139	-0.1433
T8	43630388	0.8571	0.7421	0.115
T8	43630395	0.6471	0.7968	-0.1497
T8	43630667	0.9048	0.7558	0.149
T8	43631267	0.9167	1.0	-0.0833
T8	43631303	0.913	0.8492	0.0638
T8	43631327	0.6667	0.5965	0.0702
T8	43631373	0.4138	0.6374	-0.2236
T8	43631380	0.7619	0.6663	0.0956
T8	43631446	0.7826	0.5603	0.2223
T8	43631504	0.5	0.6204	-0.1204
T8	43631506	0.5	0.6892	-0.1892
T8	43631685	0.8696	0.8497	0.0199
T8	43631854	0.8421	1.0	-0.1579
T8	43631870	0.7692	0.64	0.1292
T8	43631878	0.8125	0.5907	0.2218
T8	43631914	0.5263	0.475	0.0513
T8	43631928	0.8235	0.7026	0.1209
T8	43631977	0.35	0.4495	-0.0995
T8	43632046	0.5	0.4895	0.0105
T8	43632063	0.6	0.591	0.009
T8	43632079	0.5	0.6261	-0.1261
T8	43632097	0.1429	0.585	-0.4421
T8	43632114	0.625	0.5396	0.0854
T8	43632134	0.6957	0.5753	0.1204
T8	43632172	0.5789	0.4678	0.1111
T8	43632216	0.7	0.53	0.17
T8	43632268	0.6316	0.5866	0.045
T8	43632311	0.5455	0.4723	0.0732
T8	43632359	0.619	0.4653	0.1537
T8	43632375	0.3077	0.3799	-0.0722
T8	43632480	0.6667	0.631	0.0357
T8	43632749	0.6522	0.8635	-0.2113
T8	43632815	0.7895	0.7431	0.0464
T8	43632834	0.7917	0.7062	0.0855
T8	43633125	0.5714	0.6843	-0.1129
T8	43633292	0.7	0.7744	-0.0744
T8	43633332	0.3158	0.3953	-0.0795
T8	43633386	0.7	0.7376	-0.0376
T8	43633405	0.68	0.6367	0.0433
T8	43633746	0.9474	0.7976	0.1498
T8	43633850	0.8421	0.816	0.0261
T8	43633944	0.8696	0.8218	0.0478
T8	43634252	0.4375	0.6549	-0.2174
T8	43634288	0.5	0.6654	-0.1654
T8	43634651	0.8	0.8429	-0.0429
T8	43634684	0.9444	0.8637	0.0807
T8	43634769	0.9524	0.9318	0.0206
T8	43634831	0.9091	1.0	-0.0909
T8	43634962	0.9286	0.9506	-0.022
T8	43635048	1.0	0.963	0.037
T8	43635448	0.625	0.7494	-0.1244
T8	43635590	0.8696	0.6324	0.2372
T8	43635638	0.7759	0.8357	-0.0598
T8	43635644	0.7188	0.6675	0.0513
T8	43635745	0.6544	0.6323	0.0221
T8	43635787	0.7857	0.7639	0.0218
T8	43635821	0.4815	0.3694	0.1121
T8	43635843	0.4167	0.3582	0.0585
T8	43635863	0.3862	0.4334	-0.0472
T8	43635877	0.3721	0.3206	0.0515
T8	43635883	0.4881	0.4518	0.0363
T8	43635915	0.8261	0.9382	-0.1121
T8	43635998	0.5238	0.3677	0.1561
T8	43636007	0.7	0.6847	0.0153
T8	43636121	0.625	0.7209	-0.0959
T8	43636275	0.5556	0.6732	-0.1176
T8	43636329	0.6667	0.6254	0.0413
T8	43636469	0.9444	0.5795	0.3649
T8	43636623	0.9167	0.7469	0.1698
T8	43636627	0.6154	0.6765	-0.0611
T8	43636629	0.875	0.8522	0.0228
T8	43636657	0.6746	0.684	-0.0094
T8	43636666	0.4741	0.4283	0.0458
T8	43636760	0.777	0.7997	-0.0227
T8	43636839	0.3869	0.5063	-0.1194
T8	43636870	0.7317	0.7565	-0.0248
T8	43636876	0.844	0.7774	0.0666
T8	43636884	0.8492	0.7335	0.1157
T8	43636939	0.8125	0.777	0.0355
T8	43636943	0.8421	0.7154	0.1267
T8	43637010	0.9375	0.853	0.0845
T8	43637014	0.6875	0.8532	-0.1657
T8	43637026	0.7895	0.6531	0.1364
T8	43637059	0.5172	0.5184	-0.0012
T8	43637086	0.9062	0.8771	0.0291
T8	43637109	0.9	0.9157	-0.0157
T8	43637879	0.9286	1.0	-0.0714
T8	43637916	0.84	0.9282	-0.0882
T8	43638021	0.931	0.9071	0.0239
T8	43638181	0.9412	0.8763	0.0649
T8	43638187	0.7	0.8499	-0.1499
T8	43638232	0.6087	0.5504	0.0583
T8	43638255	0.9346	0.8184	0.1162
T8	43638326	0.8785	1.0	-0.1215
T8	43638350	0.8421	0.8366	0.0055
T8	43638408	0.7889	0.8751	-0.0862
T8	43638522	0.8	0.7631	0.0369
T8	43638749	0.6667	0.8351	-0.1684
T8	43638820	1.0	0.8046	0.1954
T8	43638915	0.7826	0.6759	0.1067
T8	43639087	0.7333	0.646	0.0873
T8	43639328	0.7143	0.705	0.0093
T8	43639442	0.6111	0.6984	-0.0873
T8	43639491	0.9286	0.7323	0.1963
T8	43639780	0.8	0.7005	0.0995
T8	43639874	0.7273	0.7147	0.0126
T8	43639977	0.7368	0.6998	0.037
T8	43640122	0.8929	0.9305	-0.0376
T8	43640317	0.9286	0.873	0.0556
T8	43640334	0.7692	0.9865	-0.2173
T8	43640453	0.8	0.8699	-0.0699
T8	43640661	1.0	0.9199	0.0801
T8	43640687	0.9643	0.8725	0.0918
T8	43641078	0.9075	0.8636	0.0439
T8	43641093	0.6503	0.6767	-0.0264
T8	43641117	0.685	0.6635	0.0215
T8	43641137	0.8743	0.8392	0.0351
T8	43641149	0.981	1.0	-0.019
T8	43641189	0.9331	0.8755	0.0576
T8	43641200	0.8726	0.8832	-0.0106
T8	43641220	0.968	0.8304	0.1376
T8	43641241	0.47	0.5396	-0.0696
T8	43641278	0.5546	0.565	-0.0104
T8	43641288	0.66	0.6872	-0.0272
T8	43641290	0.5756	0.4963	0.0793
T8	43641294	0.5435	0.6008	-0.0573
T8	43641361	0.9104	0.9969	-0.0865
T8	43641675	0.802	0.6671	0.1349
T8	43641685	0.8603	0.8193	0.041
T8	43641768	0.7479	0.8752	-0.1273
T8	43641818	0.8169	0.8323	-0.0154
T8	43641894	0.8103	0.785	0.0253
T8	43642277	0.3409	0.2921	0.0488
T8	43642295	0.2703	0.4845	-0.2142
T8	43642412	0.4286	0.5542	-0.1256
T8	43642725	0.8214	0.8224	-0.001
T8	43642830	0.7561	0.7997	-0.0436
T8	43642862	0.7547	0.7325	0.0222
T8	43642868	0.4606	0.5205	-0.0599
T8	43642931	0.3696	0.3877	-0.0181
T8	43642943	0.4773	0.4215	0.0558
T8	43642949	0.44	0.6024	-0.1624
T8	43642954	0.2955	0.3585	-0.063
T8	43643277	0.875	0.7727	0.1023
T8	43643289	0.8667	0.7199	0.1468
T8	43643405	0.9333	0.8231	0.1102
T8	43643537	0.9259	1.0	-0.0741
T8	43643677	1.0	0.8805	0.1195
T8	43643680	0.9455	0.8658	0.0797
T8	43643684	0.9016	0.9977	-0.0961
T8	43643696	0.9279	0.9308	-0.0029
T8	43643729	0.5584	0.5995	-0.0411
T8	43643754	0.9159	0.8838	0.0321
T8	43643785	0.9078	0.8933	0.0145
T8	43643814	0.6432	0.5847	0.0585
T8	43643818	0.9819	0.8514	0.1305
T8	43643826	0.5829	0.7281	-0.1452
T8	43643847	0.6009	0.5551	0.0458
T8	43643871	0.5294	0.5384	-0.009
T8	43643886	0.5644	0.57	-0.0056
T8	43643903	0.6045	0.5427	0.0618
T8	43643933	0.9115	0.9519	-0.0404
T9	159199806	0.8261	0.8995	-0.0734
T9	159199867	0.8065	0.7691	0.0374
T9	159199943	0.4545	0.4357	0.0188
T9	159200067	0.913	0.9444	-0.0314
T9	159200094	0.9091	0.8593	0.0498
T9	159200129	1.0	0.8699	0.1301
T9	159200216	0.8947	0.9744	-0.0797
T9	159200386	1.0	0.9799	0.0201
T9	159200464	1.0	0.8952	0.1048
T9	159200477	0.7692	0.8079	-0.0387
T9	159200485	0.875	0.9302	-0.0552
T9	159200505	0.5217	0.428	0.0937
T9	159200511	0.5217	0.587	-0.0653
T9	159200656	0.9	0.8981	0.0019
T9	159200835	0.5385	0.5694	-0.0309
T9	159200838	0.5417	0.6434	-0.1017
T9	159200850	0.7273	0.6569	0.0704
T9	159200852	0.6	0.4995	0.1005
T9	159200858	0.6087	0.5949	0.0138
T9	159200880	0.6154	0.625	-0.0096
T9	159200898	0.5185	0.6837	-0.1652
T9	159200926	0.72	0.5472	0.1728
T9	159200943	0.44	0.3649	0.0751
T9	159200977	0.3333	0.2016	0.1317
T9	159200988	0.5	0.3115	0.1885
T9	159201007	0.2632	0.2325	0.0307
T9	159201015	0.3684	0.1919	0.1765
T9	159201024	0.2941	0.3003	-0.0062
T9	159201076	0.48	0.6456	-0.1656
T9	159201088	0.6	0.6057	-0.0057
T9	159201114	0.6	0.5121	0.0879
T9	159201147	0.7778	0.9359	-0.1581
T9	159201411	0.4706	0.5603	-0.0897
T9	159201423	0.3462	0.3013	0.0449
T9	159201475	0.4348	0.4571	-0.0223
T9	159201538	0.4737	0.4444	0.0293
T9	159201613	0.3125	0.4522	-0.1397
T9	159201615	0.5	0.4524	0.0476
T9	159201682	0.6364	0.6411	-0.0047
T9	159201698	0.5417	0.3694	0.1723
T9	159201857	0.6667	0.4279	0.2388
T9	159201906	0.64	0.4439	0.1961
T9	159201937	0.3043	0.4106	-0.1063
T9	159202134	0.5	0.6125	-0.1125
T9	159202300	0.5556	0.3394	0.2162
T9	159202322	0.8947	0.7153	0.1794
T9	159202460	0.8	0.72	0.08
T9	159202567	0.25	0.3349	-0.0849
T9	159202632	0.4375	0.4777	-0.0402
T9	159202660	0.4737	0.3574	0.1163
T9	159202785	0.5217	0.3699	0.1518
T9	159202830	0.0625	0.2093	-0.1468
T9	159202905	0.8095	0.8237	-0.0142
T9	159202978	0.7143	0.7098	0.0045
T9	159203063	0.5	0.5298	-0.0298
T9	159203137	0.96	0.9258	0.0342
T9	159203426	0.5789	0.5584	0.0205
T9	159203429	0.2143	0.556	-0.3417
T9	159203560	0.7692	0.9301	-0.1609
T9	159203665	1.0	1.0	0.0
T9	159203692	1.0	0.9798	0.0202
T9	159203737	0.7391	0.588	0.1511
T9	159203750	1.0	1.0	0.0
T9	159203820	0.88	0.9687	-0.0887
T9	159203896	0.4348	0.4522	-0.0174
T9	159204211	0.5	0.5976	-0.0976
T9	159204286	1.0	0.8008	0.1992
T9	159204333	0.6429	0.7276	-0.0847
T9	159204366	0.8077	0.8746	-0.0669
T9	159204372	0.6667	0.648	0.0187
T9	159204494	0.6364	0.5419	0.0945
T9	159204633	0.7619	0.9388	-0.1769
T9	159204690	0.85	0.7951	0.0549
T9	159204820	0.3226	0.3899	-0.0673
T9	159204908	0.32	0.3882	-0.0682
T9	159204918	0.3529	0.384	-0.0311
T9	159204938	0.25	0.4	-0.15
T9	159204953	0.45	0.5523	-0.1023
T9	159205284	0.4091	0.2935	0.1156
T9	159205323	0.44	0.4662	-0.0262
T9	159205364	0.5	0.4129	0.0871
T9	159205421	0.4583	0.3396	0.1187
T9	159205462	0.4231	0.2741	0.149
T9	159205505	0.75	0.6221	0.1279
T9	159205704	0.4348	0.4276	0.0072
T9	159205781	0.5	0.3886	0.1114
T9	159205809	0.375	0.5113	-0.1363
T9	159206041	0.4762	0.4209	0.0553
T9	159206338	0.6	0.5899	0.0101
T9	159206351	0.64	0.5247	0.1153
T9	159206376	0.5263	0.5858	-0.0595
T9	159206502	0.8571	0.9278	-0.0707
T9	159206669	1.0	0.9224	0.0776
T9	159207041	1.0	1.0	0.0
T9	159207045	1.0	0.9241	0.0759
T9	159207082	0.8846	0.9494	-0.0648
T9	159207173	0.9375	0.87	0.0675
T9	159207185	0.4706	0.6776	-0.207
T9	159207260	1.0	1.0	0.0
T9	159207431	1.0	0.9727	0.0273
T9	159207753	0.8182	0.8356	-0.0174
T9	159207865	0.875	0.8469	0.0281
T9	159207871	0.7857	0.7128	0.0729
T9	159207952	0.5294	0.7065	-0.1771
T9	159208018	0.8421	0.7432	0.0989
T9	159208035	0.5294	0.6172	-0.0878
T9	159208049	0.5862	0.6347	-0.0485
T9	159208058	0.72	0.7025	0.0175
T9	159208060	0.6667	0.6886	-0.0219
T9	159208184	0.7917	0.8224	-0.0307
T9	159208223	0.6667	0.6511	0.0156
T9	159208318	0.7727	0.6336	0.1391
T9	159208526	0.4737	0.2565	0.2172
T9	159208573	0.1429	0.1523	-0.0094
T9	159208609	0.4483	0.4801	-0.0318
T9	159208692	0.6897	0.6941	-0.0044
T9	159209049	0.6207	0.8012	-0.1805
T9	159209225	0.7742	0.8342	-0.06
T9	159209263	0.6129	0.7586	-0.1457
T9	159209297	0.7931	0.7519	0.0412
T9	159209300	0.625	0.7957	-0.1707
T9	159209320	0.8	0.753	0.047
T9	159209354	0.8	0.7292	0.0708
T9	159209360	0.7391	0.798	-0.0589
T9	159209494	0.6667	0.7556	-0.0889
T9	159209681	0.5583	0.5464	0.0119
T9	159209752	0.9402	0.8956	0.0446
T9	159209785	0.9048	0.7659	0.1389
T9	159209819	0.5651	0.4816	0.0835
T9	159209878	0.6384	0.7051	-0.0667
T9	159209888	0.5714	0.5923	-0.0209
T9	159209890	0.6431	0.6349	0.0082
T9	159209894	0.648	0.7215	-0.0735
T9	159209897	0.981	0.8749	0.1061
T9	159210158	0.6944	0.6147	0.0797
T9	159210182	0.5161	0.5451	-0.029
T9	159210188	0.6667	0.6755	-0.0088
T9	159210190	0.5278	0.6898	-0.162
T9	159210212	0.96	1.0	-0.04
T9	159210283	0.9	0.7621	0.1379
T9	159210347	0.9545	0.8258	0.1287
T9	159210462	0.9583	0.9101	0.0482
T9	159210568	0.9048	0.8902	0.0146
T9	159210624	0.96	0.9079	0.0521
T9	159210674	0.8889	1.0	-0.1111
T9	159210793	1.0	0.8729	0.1271
T9	159210905	0.8649	0.8392	0.0257
T9	159210953	0.8333	0.7891	0.0442
T9	159210980	0.8462	0.8143	0.0319
T9	159211037	0.6957	0.7041	-0.0084
T9	159211273	0.6786	0.6827	-0.0041
T9	159211348	0.9143	0.7735	0.1408
T9	159211389	0.9412	0.6617	0.2795
T9	159211507	0.76	0.7116	0.0484
T9	159211582	0.775	0.7606	0.0144
T9	159211614	0.7105	0.7793	-0.0688
T9	159211684	0.3171	0.313	0.0041
T9	159211717	0.3636	0.3448	0.0188
T9	159211763	0.8333	0.6865	0.1468
T9	159211948	0.75	0.643	0.107
T9	159212081	0.8485	0.7247	0.1238
T9	159212091	0.7407	0.5767	0.164
T9	159212218	0.9	0.6699	0.2301
T10	99315099	0.8333	0.9792	-0.1459
T10	99315217	0.913	0.8888	0.0242
T10	99315401	0.95	0.9851	-0.0351
T10	99315527	0.9722	0.9539	0.0183
T10	99315605	1.0	0.9934	0.0066
T10	99315703	0.8929	0.9379	-0.045
T10	99315788	0.9333	0.9528	-0.0195
T10	99315852	0.9783	0.971	0.0073
T10	99315906	0.9216	0.9203	0.0013
T10	99315931	0.7692	0.83	-0.0608
T10	99315970	1.0	0.9148	0.0852
T10	99316012	0.6327	0.5149	0.1178
T10	99316103	0.4167	0.5103	-0.0936
T10	99316241	0.9111	0.8532	0.0579
T10	99316286	0.7778	0.7239	0.0539
T10	99316513	0.9032	0.85	0.0532
T10	99316985	0.6129	0.7387	-0.1258
T10	99317472	0.7632	0.7656	-0.0024
T10	99317601	0.7556	0.5988	0.1568
T10	99317673	0.8378	0.7336	0.1042
T10	99317831	0.8077	0.7929	0.0148
T10	99317935	0.4286	0.4754	-0.0468
T10	99317937	0.8333	0.7535	0.0798
T10	99317960	0.875	0.7998	0.0752
T10	99318019	0.8611	0.842	0.0191
T10	99318085	0.6471	0.614	0.0331
T10	99318091	0.6286	0.5394	0.0892
T10	99318148	0.8378	0.7904	0.0474
T10	99318451	0.9032	0.9678	-0.0646
T10	99318792	1.0	1.0	0.0
T10	99318976	0.8571	0.8025	0.0546
T10	99319186	0.9545	0.9698	-0.0153
T10	99319201	0.8947	0.9066	-0.0119
T10	99319365	0.8261	0.9328	-0.1067
T10	99319576	0.8438	0.8521	-0.0083
T10	99319606	0.6316	0.644	-0.0124
T10	99319739	0.6552	0.7309	-0.0757
T10	99319763	0.95	0.8305	0.1195
T10	99320099	0.6857	0.5845	0.1012
T10	99320336	0.5758	0.7339	-0.1581
T10	99321334	0.7838	0.7065	0.0773
T10	99321467	0.9118	1.0	-0.0882
T10	99321659	0.9143	0.9987	-0.0844
T10	99321705	0.8889	0.7878	0.1011
T10	99321766	0.9474	0.9911	-0.0437
T10	99321800	0.9643	0.8351	0.1292
T10	99322024	0.9	0.948	-0.048
T10	99322152	0.8718	0.7986	0.0732
T10	99322298	0.88	1.0	-0.12
T10	99322576	0.9118	0.911	0.0008
T10	99322795	0.6897	0.6575	0.0322
T10	99323020	0.8846	0.8116	0.073
